Workbook
Name ___ME1: #REF!
Name ___ME1: #REF!
Name ___ME2: #REF!
Name ___ME2: #REF!
Name ___ME3: #REF!
Name ___ME3: #REF!
Name ___ME4: #REF!
Name ___ME4: #REF!
Name ___ME5: #REF!
Name ___ME5: #REF!
Name ___ME6: #REF!
Name ___ME6: #REF!
Name ___ME7: #REF!
Name ___ME7: #REF!
Name ___ME8: #REF!
Name ___ME8: #REF!
Name __ME1: #REF!
Name __ME1: #REF!
Name __ME10: #REF!
Name __ME10: #REF!
Name __ME2: #REF!
Name __ME2: #REF!
Name __ME3: #REF!
Name __ME3: #REF!
Name __ME4: #REF!
Name __ME4: #REF!
Name __ME5: #REF!
Name __ME5: #REF!
Name __ME6: #REF!
Name __ME6: #REF!
Name __ME7: #REF!
Name __ME7: #REF!
Name __ME8: #REF!
Name __ME8: #REF!
Name _2_Dados_Gerais: #REF!
Name _2_Dados_Gerais: #REF!
Name _Area: #REF!
Name _Area: #REF!
Name _DAT1: #REF!
Name _DAT1: #REF!
Name _DAT10: #REF!
Name _DAT10: #REF!
Name _DAT11: #REF!
Name _DAT11: #REF!
Name _DAT12: #REF!
Name _DAT12: #REF!
Name _DAT13: #REF!
Name _DAT13: #REF!
Name _DAT14: #REF!
Name _DAT14: #REF!
Name _DAT15: #REF!
Name _DAT15: #REF!
Name _DAT16: #REF!
Name _DAT16: #REF!
Name _DAT17: #REF!
Name _DAT17: #REF!
Name _DAT18: #REF!
Name _DAT18: #REF!
Name _DAT19: #REF!
Name _DAT19: #REF!

Sheet PFEP
A1: Planta | B1: Semana de coleta | C1: Part Number RTM | D1: Codep Description | E1: Part Weight (Kg) | F1: Pieces- seg | G1: Pieces - ter | H1: Pieces - qua | I1: Pieces - qui | J1: Pieces - sex | K1: Pieces - sab | L1: Pieces per week | M1: Supplier Code | N1: Supplier Name | O1: Supplier City | P1: Supplier State | Q1: Supplier Country | R1: Supplier Share (%) | S1: Supplier Name + City + State | T1: Horário de Janela | U1: Original Packaging | V1: Parts per package | W1: Lenth | X1: Width | Y1: Height | Z1: Empilhavel? (S ou N) | AA1: Is the package a Tote (Yes or No) | AB1: If tote, how many packages per layer | AC1: If tote, how many layers on a pallet | AD1: Package Weight (Kg) | AE1: Restrição de Veículo | AF1: Qtd. de embalagens-Seg | AG1: Qtd. de embalagens-Ter | AH1: Qtd. de embalagens-Qua | AI1: Qtd. de embalagens-Qui | AJ1: Qtd. de embalagens-Sex | AK1: Qtd. de embalagens-Sab | AL1: Fluxo | AM1: Destino | AN1: Conta-trabalho? | AO1: Endereço Conta-trabalho | AP1: Cidade Conta-trabalho | AQ1: Estado Conta-trabalho | AR1: CDLC Destination | AS1: CNPJ Origem | AT1: CNPJ Destino | AU1: Saturação | AW1: Planta+Semana+SuppierCode+Janela | AX1: CONT.SE_ SUPPLIER | AY1: CONT_PEÇAS | AZ1: CONT_EMB | BA1: Fluxo vazio | BB1: Chave 1 | BC1: Janela
A2: FIAPE | B2: WEEK 01 | C2: 75140430 | D2: ETIQUETA AUTO-ADESIVA IDENT.NUM.CHASSI | E2: 0.001 | G2: =VLOOKUP(C2,[10]PFEP!$A:$E,5,0) -> #N/A | M2: 800006599 | N2: 3M DO BRASIL | O2: Ribeirao Preto | P2: SP | Q2: Brasil | R2: 1 | S2: 3M DO BRASIL-Ribeirao Preto-SP | T2: 0 | U2: 9906 | V2: 6000 | W2: 0.229 | X2: 0.229 | Y2: 0.152 | Z2: N | AA2: YES | AB2: 20 | AC2: 3 | AD2: 1 | AG2: =VLOOKUP(C2,[10]PFEP!$A:$AG,33,0) -> #N/A | AL2: Line Haul | AM2: FIAPE | AN2: Não | AR2: SP | AS2: 45985371003395 | AT2: 16701716003686 | AU2: Volume | AW2: =A2&B2&M2&T2&AS2&AT2&AR2&AL2 -> FIAPEWEEK 0180000659904598537100339516701716003686SPLine Haul | AX2: =COUNTIF('Suppliers DB'!AL:AL,AW2) -> 1 | AY2: =COUNT(F2:K2) -> 0 | AZ2: =COUNT(AF2:AK2) -> 0 | BA2: =IF(AL2="",0,1) -> 1 | BB2: =C2&M2 -> 75140430800006599 | BC2: =IF(AND(AL2="Milk Run",T2="_"),"Colocar Janela",0) -> 0
A3: FIAPE | B3: WEEK 01 | C3: 517226280 | D3: FITA ADESIVA NUM. CHASSI NO PAVIMENTO | E3: 0.2 | G3: =VLOOKUP(C3,[10]PFEP!$A:$E,5,0) -> 0 | M3: 800006599 | N3: 3M DO BRASIL | O3: Ribeirao Preto | P3: SP | Q3: Brasil | R3: 1 | S3: 3M DO BRASIL-Ribeirao Preto-SP | T3: 0 | U3: Papelão 3M II | V3: 40000 | W3: 0.299 | X3: 0.299 | Y3: 0.24 | Z3: S | AA3: YES | AB3: 16 | AC3: 5 | AD3: 0.5 | AG3: =VLOOKUP(C3,[10]PFEP!$A:$AG,33,0) -> 0 | AL3: Line Haul | AM3: FIAPE | AN3: Não | AR3: SP | AS3: 45985371003395 | AT3: 16701716003686 | AU3: Volume | AW3: =A3&B3&M3&T3&AS3&AT3&AR3&AL3 -> FIAPEWEEK 0180000659904598537100339516701716003686SPLine Haul | AX3: =COUNTIF('Suppliers DB'!AL:AL,AW3) -> 1 | AY3: =COUNT(F3:K3) -> 1 | AZ3: =COUNT(AF3:AK3) -> 1 | BA3: =IF(AL3="",0,1) -> 1 | BB3: =C3&M3 -> 517226280800006599 | BC3: =IF(AND(AL3="Milk Run",T3="_"),"Colocar Janela",0) -> 0
A4: FIAPE | B4: WEEK 01 | C4: 520430460 | D4: ADESIVO CENTRAL CAPO | E4: 0.08 | G4: =VLOOKUP(C4,[10]PFEP!$A:$E,5,0) -> #N/A | M4: 800006599 | N4: 3M DO BRASIL | O4: Ribeirao Preto | P4: SP | Q4: Brasil | R4: 1 | S4: 3M DO BRASIL-Ribeirao Preto-SP | T4: 0 | U4: 4203 | V4: 100 | W4: 1 | X4: 0.8 | Y4: 0.635 | Z4: S | AA4: NO | AB4: 1 | AC4: 1 | AD4: 28 | AG4: =VLOOKUP(C4,[10]PFEP!$A:$AG,33,0) -> #N/A | AL4: Line Haul | AM4: FIAPE | AN4: Não | AR4: SP | AS4: 45985371003395 | AT4: 16701716003686 | AU4: Volume | AW4: =A4&B4&M4&T4&AS4&AT4&AR4&AL4 -> FIAPEWEEK 0180000659904598537100339516701716003686SPLine Haul | AX4: =COUNTIF('Suppliers DB'!AL:AL,AW4) -> 1 | AY4: =COUNT(F4:K4) -> 0 | AZ4: =COUNT(AF4:AK4) -> 0 | BA4: =IF(AL4="",0,1) -> 1 | BB4: =C4&M4 -> 520430460800006599 | BC4: =IF(AND(AL4="Milk Run",T4="_"),"Colocar Janela",0) -> 0
A5: FIAPE | B5: WEEK 01 | C5: 520713130 | D5: PELICULA PROTETORA | E5: 0.01 | G5: =VLOOKUP(C5,[10]PFEP!$A:$E,5,0) -> #N/A | M5: 800006599 | N5: 3M DO BRASIL | O5: Ribeirao Preto | P5: SP | Q5: Brasil | R5: 1 | S5: 3M DO BRASIL-Ribeirao Preto-SP | T5: 0 | U5: 186 | V5: 5000 | W5: 0.32 | X5: 0.32 | Y5: 0.33 | Z5: N | AA5: YES | AB5: 9 | AC5: 2 | AD5: 0.5 | AG5: =VLOOKUP(C5,[10]PFEP!$A:$AG,33,0) -> #N/A | AL5: Line Haul | AM5: FIAPE | AN5: Não | AR5: SP | AS5: 45985371003395 | AT5: 16701716003686 | AU5: Volume | AW5: =A5&B5&M5&T5&AS5&AT5&AR5&AL5 -> FIAPEWEEK 0180000659904598537100339516701716003686SPLine Haul | AX5: =COUNTIF('Suppliers DB'!AL:AL,AW5) -> 1 | AY5: =COUNT(F5:K5) -> 0 | AZ5: =COUNT(AF5:AK5) -> 0 | BA5: =IF(AL5="",0,1) -> 1 | BB5: =C5&M5 -> 520713130800006599 | BC5: =IF(AND(AL5="Milk Run",T5="_"),"Colocar Janela",0) -> 0
A6: FIAPE | B6: WEEK 01 | C6: 521083900 | D6: FELTRO AUTOADESIVO | E6: 0.001 | G6: =VLOOKUP(C6,[10]PFEP!$A:$E,5,0) -> 0 | M6: 800006599 | N6: 3M DO BRASIL | O6: Ribeirao Preto | P6: SP | Q6: Brasil | R6: 1 | S6: 3M DO BRASIL-Ribeirao Preto-SP | T6: 0 | U6: Papelão 3M II | V6: 40000 | W6: 0.299 | X6: 0.299 | Y6: 0.24 | Z6: S | AA6: YES | AB6: 16 | AC6: 5 | AD6: 0.5 | AG6: =VLOOKUP(C6,[10]PFEP!$A:$AG,33,0) -> 0 | AL6: Line Haul | AM6: FIAPE | AN6: Não | AR6: SP | AS6: 45985371003395 | AT6: 16701716003686 | AU6: Volume | AW6: =A6&B6&M6&T6&AS6&AT6&AR6&AL6 -> FIAPEWEEK 0180000659904598537100339516701716003686SPLine Haul | AX6: =COUNTIF('Suppliers DB'!AL:AL,AW6) -> 1 | AY6: =COUNT(F6:K6) -> 1 | AZ6: =COUNT(AF6:AK6) -> 1 | BA6: =IF(AL6="",0,1) -> 1 | BB6: =C6&M6 -> 521083900800006599 | BC6: =IF(AND(AL6="Milk Run",T6="_"),"Colocar Janela",0) -> 0
A7: FIAPE | B7: WEEK 01 | C7: 534205810 | D7: ETIQUETA ""JEEP"" | E7: 0.01 | G7: =VLOOKUP(C7,[10]PFEP!$A:$E,5,0) -> #N/A | M7: 800006599 | N7: 3M DO BRASIL | O7: Ribeirao Preto | P7: SP | Q7: Brasil | R7: 1 | S7: 3M DO BRASIL-Ribeirao Preto-SP | T7: 0 | U7: 86 | V7: 50 | W7: 0.298 | X7: 0.198 | Y7: 0.147 | Z7: N | AA7: YES | AB7: 20 | AC7: 6 | AD7: 0.6 | AG7: =VLOOKUP(C7,[10]PFEP!$A:$AG,33,0) -> #N/A | AL7: Line Haul | AM7: FIAPE | AN7: Não | AR7: SP | AS7: 45985371003395 | AT7: 16701716003686 | AU7: Volume | AW7: =A7&B7&M7&T7&AS7&AT7&AR7&AL7 -> FIAPEWEEK 0180000659904598537100339516701716003686SPLine Haul | AX7: =COUNTIF('Suppliers DB'!AL:AL,AW7) -> 1 | AY7: =COUNT(F7:K7) -> 0 | AZ7: =COUNT(AF7:AK7) -> 0 | BA7: =IF(AL7="",0,1) -> 1 | BB7: =C7&M7 -> 534205810800006599 | BC7: =IF(AND(AL7="Milk Run",T7="_"),"Colocar Janela",0) -> 0
A8: FIAPE | B8: WEEK 01 | C8: 1002406820 | D8: FAIXA ADESIVA PORTA ANT.DX | E8: 0.05 | G8: =VLOOKUP(C8,[10]PFEP!$A:$E,5,0) -> #N/A | M8: 800006599 | N8: 3M DO BRASIL | O8: Ribeirao Preto | P8: SP | Q8: Brasil | R8: 1 | S8: 3M DO BRASIL-Ribeirao Preto-SP | T8: 0 | U8: Papelão 3M II | V8: 40000 | W8: 0.299 | X8: 0.299 | Y8: 0.24 | Z8: S | AA8: YES | AB8: 16 | AC8: 5 | AD8: 0.5 | AG8: =VLOOKUP(C8,[10]PFEP!$A:$AG,33,0) -> #N/A | AL8: Line Haul | AM8: FIAPE | AN8: Não | AR8: SP | AS8: 45985371003395 | AT8: 16701716003686 | AU8: Volume | AW8: =A8&B8&M8&T8&AS8&AT8&AR8&AL8 -> FIAPEWEEK 0180000659904598537100339516701716003686SPLine Haul | AX8: =COUNTIF('Suppliers DB'!AL:AL,AW8) -> 1 | AY8: =COUNT(F8:K8) -> 0 | AZ8: =COUNT(AF8:AK8) -> 0 | BA8: =IF(AL8="",0,1) -> 1 | BB8: =C8&M8 -> 1002406820800006599 | BC8: =IF(AND(AL8="Milk Run",T8="_"),"Colocar Janela",0) -> 0
A9: FIAPE | B9: WEEK 01 | C9: 1002406830 | D9: FAIXA ADESIVA PORTA ANT.SX | E9: 0.05 | G9: =VLOOKUP(C9,[10]PFEP!$A:$E,5,0) -> #N/A | M9: 800006599 | N9: 3M DO BRASIL | O9: Ribeirao Preto | P9: SP | Q9: Brasil | R9: 1 | S9: 3M DO BRASIL-Ribeirao Preto-SP | T9: 0 | U9: Papelão 3M II | V9: 40000 | W9: 0.299 | X9: 0.299 | Y9: 0.24 | Z9: S | AA9: YES | AB9: 16 | AC9: 5 | AD9: 0.5 | AG9: =VLOOKUP(C9,[10]PFEP!$A:$AG,33,0) -> #N/A | AL9: Line Haul | AM9: FIAPE | AN9: Não | AR9: SP | AS9: 45985371003395 | AT9: 16701716003686 | AU9: Volume | AW9: =A9&B9&M9&T9&AS9&AT9&AR9&AL9 -> FIAPEWEEK 0180000659904598537100339516701716003686SPLine Haul | AX9: =COUNTIF('Suppliers DB'!AL:AL,AW9) -> 1 | AY9: =COUNT(F9:K9) -> 0 | AZ9: =COUNT(AF9:AK9) -> 0 | BA9: =IF(AL9="",0,1) -> 1 | BB9: =C9&M9 -> 1002406830800006599 | BC9: =IF(AND(AL9="Milk Run",T9="_"),"Colocar Janela",0) -> 0
A10: FIAPE | B10: WEEK 01 | C10: 1002484070 | D10: FAIXA PORTA POSTERIOR | E10: 0.032 | G10: =VLOOKUP(C10,[10]PFEP!$A:$E,5,0) -> #N/A | M10: 800006599 | N10: 3M DO BRASIL | O10: Ribeirao Preto | P10: SP | Q10: Brasil | R10: 1 | S10: 3M DO BRASIL-Ribeirao Preto-SP | T10: 0 | U10: 156 | V10: 200 | W10: 1.35 | X10: 0.3 | Y10: 0.2 | Z10: S | AA10: YES | AB10: 3 | AC10: 4 | AD10: 0.5 | AG10: =VLOOKUP(C10,[10]PFEP!$A:$AG,33,0) -> #N/A | AL10: Line Haul | AM10: FIAPE | AN10: Não | AR10: SP | AS10: 45985371003395 | AT10: 16701716003686 | AU10: Volume | AW10: =A10&B10&M10&T10&AS10&AT10&AR10&AL10 -> FIAPEWEEK 0180000659904598537100339516701716003686SPLine Haul | AX10: =COUNTIF('Suppliers DB'!AL:AL,AW10) -> 1 | AY10: =COUNT(F10:K10) -> 0 | AZ10: =COUNT(AF10:AK10) -> 0 | BA10: =IF(AL10="",0,1) -> 1 | BB10: =C10&M10 -> 1002484070800006599 | BC10: =IF(AND(AL10="Milk Run",T10="_"),"Colocar Janela",0) -> 0
A11: FIAPE | B11: WEEK 01 | C11: 1002488510 | D11: FAIXA CAPO | E11: 0.071 | G11: =VLOOKUP(C11,[10]PFEP!$A:$E,5,0) -> #N/A | M11: 800006599 | N11: 3M DO BRASIL | O11: Ribeirao Preto | P11: SP | Q11: Brasil | R11: 1 | S11: 3M DO BRASIL-Ribeirao Preto-SP | T11: 0 | U11: 156 | V11: 200 | W11: 1.35 | X11: 0.3 | Y11: 0.2 | Z11: S | AA11: YES | AB11: 3 | AC11: 4 | AD11: 0.5 | AG11: =VLOOKUP(C11,[10]PFEP!$A:$AG,33,0) -> #N/A | AL11: Line Haul | AM11: FIAPE | AN11: Não | AR11: SP | AS11: 45985371003395 | AT11: 16701716003686 | AU11: Volume | AW11: =A11&B11&M11&T11&AS11&AT11&AR11&AL11 -> FIAPEWEEK 0180000659904598537100339516701716003686SPLine Haul | AX11: =COUNTIF('Suppliers DB'!AL:AL,AW11) -> 1 | AY11: =COUNT(F11:K11) -> 0 | AZ11: =COUNT(AF11:AK11) -> 0 | BA11: =IF(AL11="",0,1) -> 1 | BB11: =C11&M11 -> 1002488510800006599 | BC11: =IF(AND(AL11="Milk Run",T11="_"),"Colocar Janela",0) -> 0
A12: FIAPE | B12: WEEK 01 | C12: 824392160 | D12: FAIXA 30X30 | E12: 0.2 | G12: =VLOOKUP(C12,[10]PFEP!$A:$E,5,0) -> 0 | M12: 800006598 | N12: 3M DO BRASIL | O12: Sumare | P12: SP | Q12: Brasil | R12: 1 | S12: 3M DO BRASIL-Sumare-SP | T12: 0 | U12: Papelão 3M II | V12: 40000 | W12: 0.299 | X12: 0.299 | Y12: 0.24 | Z12: S | AA12: YES | AB12: 16 | AC12: 5 | AD12: 0.5 | AG12: =VLOOKUP(C12,[10]PFEP!$A:$AG,33,0) -> 0 | AL12: Line Haul | AM12: FIAPE | AN12: Não | AR12: SP | AS12: 45985371000108 | AT12: 16701716003686 | AU12: Volume | AW12: =A12&B12&M12&T12&AS12&AT12&AR12&AL12 -> FIAPEWEEK 0180000659804598537100010816701716003686SPLine Haul | AX12: =COUNTIF('Suppliers DB'!AL:AL,AW12) -> 1 | AY12: =COUNT(F12:K12) -> 1 | AZ12: =COUNT(AF12:AK12) -> 1 | BA12: =IF(AL12="",0,1) -> 1 | BB12: =C12&M12 -> 824392160800006598 | BC12: =IF(AND(AL12="Milk Run",T12="_"),"Colocar Janela",0) -> 0
A13: FIAPE | B13: WEEK 01 | C13: 76272340 | D13: PRESILHA FIX. TUBOS | E13: 0.01 | G13: =VLOOKUP(C13,[10]PFEP!$A:$E,5,0) -> 0 | M13: 800005848 | N13: A. RAYMOND | O13: Vinhedo | P13: SP | Q13: Brasil | R13: 1 | S13: A. RAYMOND-Vinhedo-SP | T13: 0.83333333 | U13: 3215 | V13: 1200 | W13: 0.3 | X13: 0.2 | Y13: 0.15 | Z13: S | AA13: YES | AB13: 20 | AC13: 3 | AD13: 1.2 | AG13: =VLOOKUP(C13,[10]PFEP!$A:$AG,33,0) -> 0 | AL13: Milk Run | AM13: FIAPE | AN13: Não | AR13: SP | AS13: 1144384000189 | AT13: 16701716003686 | AU13: Volume | AW13: =A13&B13&M13&T13&AS13&AT13&AR13&AL13 -> FIAPEWEEK 018000058480,833333333333333114438400018916701716003686SPMilk Run | AX13: =COUNTIF('Suppliers DB'!AL:AL,AW13) -> 1 | AY13: =COUNT(F13:K13) -> 1 | AZ13: =COUNT(AF13:AK13) -> 1 | BA13: =IF(AL13="",0,1) -> 1 | BB13: =C13&M13 -> 76272340800005848 | BC13: =IF(AND(AL13="Milk Run",T13="_"),"Colocar Janela",0) -> 0
A14: FIAPE | B14: WEEK 01 | C14: 76395340 | D14: PRESILHA | E14: 0.004 | G14: =VLOOKUP(C14,[10]PFEP!$A:$E,5,0) -> #N/A | M14: 800005848 | N14: A. RAYMOND | O14: Vinhedo | P14: SP | Q14: Brasil | R14: 1 | S14: A. RAYMOND-Vinhedo-SP | T14: 0.83333333 | U14: 4315 | V14: 2000 | W14: 0.4 | X14: 0.3 | Y14: 0.15 | Z14: S | AA14: YES | AB14: 9 | AC14: 3 | AD14: 1.2 | AG14: =VLOOKUP(C14,[10]PFEP!$A:$AG,33,0) -> #N/A | AL14: Milk Run | AM14: FIAPE | AN14: Não | AR14: SP | AS14: 1144384000189 | AT14: 16701716003686 | AU14: Volume | AW14: =A14&B14&M14&T14&AS14&AT14&AR14&AL14 -> FIAPEWEEK 018000058480,833333333333333114438400018916701716003686SPMilk Run | AX14: =COUNTIF('Suppliers DB'!AL:AL,AW14) -> 1 | AY14: =COUNT(F14:K14) -> 0 | AZ14: =COUNT(AF14:AK14) -> 0 | BA14: =IF(AL14="",0,1) -> 1 | BB14: =C14&M14 -> 76395340800005848 | BC14: =IF(AND(AL14="Milk Run",T14="_"),"Colocar Janela",0) -> 0
A15: FIAPE | B15: WEEK 01 | C15: 76544270 | D15: PRESILHA PLASTICA RETENCAO TUB | E15: 0.003 | G15: =VLOOKUP(C15,[10]PFEP!$A:$E,5,0) -> 0 | M15: 800005848 | N15: A. RAYMOND | O15: Vinhedo | P15: SP | Q15: Brasil | R15: 1 | S15: A. RAYMOND-Vinhedo-SP | T15: 0.83333333 | U15: 3215 | V15: 500 | W15: 0.3 | X15: 0.2 | Y15: 0.15 | Z15: S | AA15: YES | AB15: 20 | AC15: 3 | AD15: 1.2 | AG15: =VLOOKUP(C15,[10]PFEP!$A:$AG,33,0) -> 0 | AL15: Milk Run | AM15: FIAPE | AN15: Não | AR15: SP | AS15: 1144384000189 | AT15: 16701716003686 | AU15: Volume | AW15: =A15&B15&M15&T15&AS15&AT15&AR15&AL15 -> FIAPEWEEK 018000058480,833333333333333114438400018916701716003686SPMilk Run | AX15: =COUNTIF('Suppliers DB'!AL:AL,AW15) -> 1 | AY15: =COUNT(F15:K15) -> 1 | AZ15: =COUNT(AF15:AK15) -> 1 | BA15: =IF(AL15="",0,1) -> 1 | BB15: =C15&M15 -> 76544270800005848 | BC15: =IF(AND(AL15="Milk Run",T15="_"),"Colocar Janela",0) -> 0
A16: FIAPE | B16: WEEK 01 | C16: 77294240 | D16: PRESILHA P/ PARAFUSO AUTOFILETANTE D 4,8 | E16: 0.002 | G16: =VLOOKUP(C16,[10]PFEP!$A:$E,5,0) -> 2320 | M16: 800005848 | N16: A. RAYMOND | O16: Vinhedo | P16: SP | Q16: Brasil | R16: 1 | S16: A. RAYMOND-Vinhedo-SP | T16: 0.83333333 | U16: 3147 | V16: 3000 | W16: 0.3 | X16: 0.2 | Y16: 0.15 | Z16: S | AA16: YES | AB16: 20 | AC16: 3 | AD16: 0.6 | AG16: =VLOOKUP(C16,[10]PFEP!$A:$AG,33,0) -> 1 | AL16: Milk Run | AM16: FIAPE | AN16: Não | AR16: SP | AS16: 1144384000189 | AT16: 16701716003686 | AU16: Volume | AW16: =A16&B16&M16&T16&AS16&AT16&AR16&AL16 -> FIAPEWEEK 018000058480,833333333333333114438400018916701716003686SPMilk Run | AX16: =COUNTIF('Suppliers DB'!AL:AL,AW16) -> 1 | AY16: =COUNT(F16:K16) -> 1 | AZ16: =COUNT(AF16:AK16) -> 1 | BA16: =IF(AL16="",0,1) -> 1 | BB16: =C16&M16 -> 77294240800005848 | BC16: =IF(AND(AL16="Milk Run",T16="_"),"Colocar Janela",0) -> 0
A17: FIAPE | B17: WEEK 01 | C17: 77543873 | D17: BUCHA P/ PARAFUSO AUTOFILETANTE | E17: 0.001 | G17: =VLOOKUP(C17,[10]PFEP!$A:$E,5,0) -> 207026 | M17: 800005848 | N17: A. RAYMOND | O17: Vinhedo | P17: SP | Q17: Brasil | R17: 1 | S17: A. RAYMOND-Vinhedo-SP | T17: 0.83333333 | U17: 4315 | V17: 2000 | W17: 0.4 | X17: 0.3 | Y17: 0.15 | Z17: S | AA17: YES | AB17: 9 | AC17: 3 | AD17: 1.2 | AG17: =VLOOKUP(C17,[10]PFEP!$A:$AG,33,0) -> 104 | AL17: Milk Run | AM17: FIAPE | AN17: Não | AR17: SP | AS17: 1144384000189 | AT17: 16701716003686 | AU17: Volume | AW17: =A17&B17&M17&T17&AS17&AT17&AR17&AL17 -> FIAPEWEEK 018000058480,833333333333333114438400018916701716003686SPMilk Run | AX17: =COUNTIF('Suppliers DB'!AL:AL,AW17) -> 1 | AY17: =COUNT(F17:K17) -> 1 | AZ17: =COUNT(AF17:AK17) -> 1 | BA17: =IF(AL17="",0,1) -> 1 | BB17: =C17&M17 -> 77543873800005848 | BC17: =IF(AND(AL17="Milk Run",T17="_"),"Colocar Janela",0) -> 0
A18: FIAPE | B18: WEEK 01 | C18: 77701560 | D18: PORCA ESPECIAL | E18: 0.002 | G18: =VLOOKUP(C18,[10]PFEP!$A:$E,5,0) -> 11636 | M18: 800005848 | N18: A. RAYMOND | O18: Vinhedo | P18: SP | Q18: Brasil | R18: 1 | S18: A. RAYMOND-Vinhedo-SP | T18: 0.83333333 | U18: 3215 | V18: 1900 | W18: 0.3 | X18: 0.2 | Y18: 0.15 | Z18: S | AA18: YES | AB18: 20 | AC18: 3 | AD18: 1.2 | AG18: =VLOOKUP(C18,[10]PFEP!$A:$AG,33,0) -> 7 | AL18: Milk Run | AM18: FIAPE | AN18: Não | AR18: SP | AS18: 1144384000189 | AT18: 16701716003686 | AU18: Volume | AW18: =A18&B18&M18&T18&AS18&AT18&AR18&AL18 -> FIAPEWEEK 018000058480,833333333333333114438400018916701716003686SPMilk Run | AX18: =COUNTIF('Suppliers DB'!AL:AL,AW18) -> 1 | AY18: =COUNT(F18:K18) -> 1 | AZ18: =COUNT(AF18:AK18) -> 1 | BA18: =IF(AL18="",0,1) -> 1 | BB18: =C18&M18 -> 77701560800005848 | BC18: =IF(AND(AL18="Milk Run",T18="_"),"Colocar Janela",0) -> 0
A19: FIAPE | B19: WEEK 01 | C19: 468044330 | D19: PRESILHA P/FIXACAO ISOLAMENTO CAPO | E19: 0.01 | G19: =VLOOKUP(C19,[10]PFEP!$A:$E,5,0) -> 141819 | M19: 800005848 | N19: A. RAYMOND | O19: Vinhedo | P19: SP | Q19: Brasil | R19: 1 | S19: A. RAYMOND-Vinhedo-SP | T19: 0.83333333 | U19: 4315 | V19: 2000 | W19: 0.4 | X19: 0.3 | Y19: 0.15 | Z19: S | AA19: YES | AB19: 9 | AC19: 3 | AD19: 1.2 | AG19: =VLOOKUP(C19,[10]PFEP!$A:$AG,33,0) -> 48 | AL19: Milk Run | AM19: FIAPE | AN19: Não | AR19: SP | AS19: 1144384000189 | AT19: 16701716003686 | AU19: Volume | AW19: =A19&B19&M19&T19&AS19&AT19&AR19&AL19 -> FIAPEWEEK 018000058480,833333333333333114438400018916701716003686SPMilk Run | AX19: =COUNTIF('Suppliers DB'!AL:AL,AW19) -> 1 | AY19: =COUNT(F19:K19) -> 1 | AZ19: =COUNT(AF19:AK19) -> 1 | BA19: =IF(AL19="",0,1) -> 1 | BB19: =C19&M19 -> 468044330800005848 | BC19: =IF(AND(AL19="Milk Run",T19="_"),"Colocar Janela",0) -> 0
A20: FIAPE | B20: WEEK 01 | C20: 518314940 | D20: COBERTURA POLO POST. | E20: 0.013 | G20: =VLOOKUP(C20,[10]PFEP!$A:$E,5,0) -> 9373 | M20: 800005848 | N20: A. RAYMOND | O20: Vinhedo | P20: SP | Q20: Brasil | R20: 1 | S20: A. RAYMOND-Vinhedo-SP | T20: 0.83333333 | U20: 6280 | V20: 325 | W20: 0.6 | X20: 0.4 | Y20: 0.28 | Z20: S | AA20: YES | AB20: 5 | AC20: 4 | AD20: 2.67 | AG20: =VLOOKUP(C20,[10]PFEP!$A:$AG,33,0) -> 29 | AL20: Milk Run | AM20: FIAPE | AN20: Não | AR20: SP | AS20: 1144384000189 | AT20: 16701716003686 | AU20: Volume | AW20: =A20&B20&M20&T20&AS20&AT20&AR20&AL20 -> FIAPEWEEK 018000058480,833333333333333114438400018916701716003686SPMilk Run | AX20: =COUNTIF('Suppliers DB'!AL:AL,AW20) -> 1 | AY20: =COUNT(F20:K20) -> 1 | AZ20: =COUNT(AF20:AK20) -> 1 | BA20: =IF(AL20="",0,1) -> 1 | BB20: =C20&M20 -> 518314940800005848 | BC20: =IF(AND(AL20="Milk Run",T20="_"),"Colocar Janela",0) -> 0
A21: FIAPE | B21: WEEK 01 | C21: 519651510 | D21: PRESILHA FIXACAO REV. MONTANTE | E21: 0.011 | G21: =VLOOKUP(C21,[10]PFEP!$A:$E,5,0) -> 10908 | M21: 800005848 | N21: A. RAYMOND | O21: Vinhedo | P21: SP | Q21: Brasil | R21: 1 | S21: A. RAYMOND-Vinhedo-SP | T21: 0.83333333 | U21: 4280 | V21: 350 | W21: 0.395 | X21: 0.295 | Y21: 0.28 | Z21: S | AA21: YES | AB21: 10 | AC21: 4 | AD21: 2.525 | AG21: =VLOOKUP(C21,[10]PFEP!$A:$AG,33,0) -> 14 | AL21: Milk Run | AM21: FIAPE | AN21: Não | AR21: SP | AS21: 1144384000189 | AT21: 16701716003686 | AU21: Volume | AW21: =A21&B21&M21&T21&AS21&AT21&AR21&AL21 -> FIAPEWEEK 018000058480,833333333333333114438400018916701716003686SPMilk Run | AX21: =COUNTIF('Suppliers DB'!AL:AL,AW21) -> 1 | AY21: =COUNT(F21:K21) -> 1 | AZ21: =COUNT(AF21:AK21) -> 1 | BA21: =IF(AL21="",0,1) -> 1 | BB21: =C21&M21 -> 519651510800005848 | BC21: =IF(AND(AL21="Milk Run",T21="_"),"Colocar Janela",0) -> 0
A22: FIAPE | B22: WEEK 01 | C22: 520493580 | D22: BORRACHA | E22: 0.003 | G22: =VLOOKUP(C22,[10]PFEP!$A:$E,5,0) -> 20013 | M22: 800005848 | N22: A. RAYMOND | O22: Vinhedo | P22: SP | Q22: Brasil | R22: 1 | S22: A. RAYMOND-Vinhedo-SP | T22: 0.83333333 | U22: 3215 | V22: 1200 | W22: 0.3 | X22: 0.2 | Y22: 0.15 | Z22: S | AA22: YES | AB22: 20 | AC22: 3 | AD22: 1.2 | AG22: =VLOOKUP(C22,[10]PFEP!$A:$AG,33,0) -> 11 | AL22: Milk Run | AM22: FIAPE | AN22: Não | AR22: SP | AS22: 1144384000189 | AT22: 16701716003686 | AU22: Volume | AW22: =A22&B22&M22&T22&AS22&AT22&AR22&AL22 -> FIAPEWEEK 018000058480,833333333333333114438400018916701716003686SPMilk Run | AX22: =COUNTIF('Suppliers DB'!AL:AL,AW22) -> 1 | AY22: =COUNT(F22:K22) -> 1 | AZ22: =COUNT(AF22:AK22) -> 1 | BA22: =IF(AL22="",0,1) -> 1 | BB22: =C22&M22 -> 520493580800005848 | BC22: =IF(AND(AL22="Milk Run",T22="_"),"Colocar Janela",0) -> 0
A23: FIAPE | B23: WEEK 01 | C23: 522209630 | D23: PRESILHA DE RETENCAO TUBO | E23: 0.003 | G23: =VLOOKUP(C23,[10]PFEP!$A:$E,5,0) -> 4874 | M23: 800005848 | N23: A. RAYMOND | O23: Vinhedo | P23: SP | Q23: Brasil | R23: 1 | S23: A. RAYMOND-Vinhedo-SP | T23: 0.83333333 | U23: 154 | V23: 1000 | W23: 1.05 | X23: 0.66 | Y23: 0.61 | Z23: S | AA23: NO | AB23: 1 | AC23: 1 | AD23: 10 | AG23: =VLOOKUP(C23,[10]PFEP!$A:$AG,33,0) -> 5 | AL23: Milk Run | AM23: FIAPE | AN23: Não | AR23: SP | AS23: 1144384000189 | AT23: 16701716003686 | AU23: Volume | AW23: =A23&B23&M23&T23&AS23&AT23&AR23&AL23 -> FIAPEWEEK 018000058480,833333333333333114438400018916701716003686SPMilk Run | AX23: =COUNTIF('Suppliers DB'!AL:AL,AW23) -> 1 | AY23: =COUNT(F23:K23) -> 1 | AZ23: =COUNT(AF23:AK23) -> 1 | BA23: =IF(AL23="",0,1) -> 1 | BB23: =C23&M23 -> 522209630800005848 | BC23: =IF(AND(AL23="Milk Run",T23="_"),"Colocar Janela",0) -> 0
A24: FIAPE | B24: WEEK 01 | C24: 533977560 | D24: PORCA | E24: 1 | G24: =VLOOKUP(C24,[10]PFEP!$A:$E,5,0) -> 10404 | M24: 800005848 | N24: A. RAYMOND | O24: Vinhedo | P24: SP | Q24: Brasil | R24: 1 | S24: A. RAYMOND-Vinhedo-SP | T24: 0.83333333 | U24: 0 | V24: 0 | W24: 0 | X24: 0 | Y24: 0 | Z24: N | AA24: NO | AB24: 1 | AC24: 1 | AD24: 0 | AG24: =VLOOKUP(C24,[10]PFEP!$A:$AG,33,0) -> 9 | AL24: Milk Run | AM24: FIAPE | AN24: Não | AR24: SP | AS24: 1144384000189 | AT24: 16701716003686 | AU24: Volume | AW24: =A24&B24&M24&T24&AS24&AT24&AR24&AL24 -> FIAPEWEEK 018000058480,833333333333333114438400018916701716003686SPMilk Run | AX24: =COUNTIF('Suppliers DB'!AL:AL,AW24) -> 1 | AY24: =COUNT(F24:K24) -> 1 | AZ24: =COUNT(AF24:AK24) -> 1 | BA24: =IF(AL24="",0,1) -> 1 | BB24: =C24&M24 -> 533977560800005848 | BC24: =IF(AND(AL24="Milk Run",T24="_"),"Colocar Janela",0) -> 0
... A38: FIAPE | B38: WEEK 01 | C38: 521085140 | D38: FREIO A TAMBOR | E38: 4.878 | G38: =VLOOKUP(C38,[10]PFEP!$A:$E,5,0) -> 0 | M38: 800022975 | N38: AB SISTEMA | O38: Campinas | P38: SP | Q38: Brasil | R38: 1 | S38: AB SISTEMA-Campinas-SP | T38: 0.45833333 | U38: 4201 | V38: 56 | W38: 1 | X38: 1.2 | Y38: 0.86 | Z38: S | AA38: NO | AB38: 1 | AC38: 1 | AD38: 60 | AG38: =VLOOKUP(C38,[10]PFEP!$A:$AG,33,0) -> 0 | AL38: Milk Run | AM38: FIAPE | AN38: Não | AR38: SP | AS38: 13625300000108 | AT38: 16701716003686 | AU38: Volume | AW38: =A38&B38&M38&T38&AS38&AT38&AR38&AL38 -> FIAPEWEEK 018000229750,4583333333333331362530000010816701716003686SPMilk Run | AX38: =COUNTIF('Suppliers DB'!AL:AL,AW38) -> 1 | AY38: =COUNT(F38:K38) -> 1 | AZ38: =COUNT(AF38:AK38) -> 1 | BA38: =IF(AL38="",0,1) -> 1 | BB38: =C38&M38 -> 521085140800022975 | BC38: =IF(AND(AL38="Milk Run",T38="_"),"Colocar Janela",0) -> 0
A39: FIAPE | B39: WEEK 01 | C39: 520865640 | D39: FREIO A TAMBOR | E39: 5.318 | G39: =VLOOKUP(C39,[10]PFEP!$A:$E,5,0) -> 0 | M39: 800022975 | N39: AB SISTEMA | O39: Campinas | P39: SP | Q39: Brasil | R39: 1 | S39: AB SISTEMA-Campinas-SP | T39: 0.45833333 | U39: 4201 | V39: 64 | W39: 1.01 | X39: 1.2 | Y39: 0.86 | Z39: S | AA39: NO | AB39: 1 | AC39: 1 | AD39: 60 | AE39: 0 | AG39: =VLOOKUP(C39,[10]PFEP!$A:$AG,33,0) -> 0 | AL39: Milk Run | AM39: FIAPE | AN39: Não | AR39: SP | AS39: 13625300000108 | AT39: 16701716003686 | AU39: Volume | AW39: =A39&B39&M39&T39&AS39&AT39&AR39&AL39 -> FIAPEWEEK 018000229750,4583333333333331362530000010816701716003686SPMilk Run | AX39: =COUNTIF('Suppliers DB'!AL:AL,AW39) -> 1 | AY39: =COUNT(F39:K39) -> 1 | AZ39: =COUNT(AF39:AK39) -> 1 | BA39: =IF(AL39="",0,1) -> 1 | BB39: =C39&M39 -> 520865640800022975 | BC39: =IF(AND(AL39="Milk Run",T39="_"),"Colocar Janela",0) -> 0
A40: FIAPE | B40: WEEK 01 | C40: 520865670 | D40: FREIO A TAMBOR | E40: 5.318 | G40: =VLOOKUP(C40,[10]PFEP!$A:$E,5,0) -> 0 | M40: 800022975 | N40: AB SISTEMA | O40: Campinas | P40: SP | Q40: Brasil | R40: 1 | S40: AB SISTEMA-Campinas-SP | T40: 0.45833333 | U40: 4201 | V40: 64 | W40: 1.01 | X40: 1.2 | Y40: 0.86 | Z40: S | AA40: NO | AB40: 1 | AC40: 1 | AD40: 60 | AE40: 0 | AG40: =VLOOKUP(C40,[10]PFEP!$A:$AG,33,0) -> 0 | AL40: Milk Run | AM40: FIAPE | AN40: Não | AR40: SP | AS40: 13625300000108 | AT40: 16701716003686 | AU40: Volume | AW40: =A40&B40&M40&T40&AS40&AT40&AR40&AL40 -> FIAPEWEEK 018000229750,4583333333333331362530000010816701716003686SPMilk Run | AX40: =COUNTIF('Suppliers DB'!AL:AL,AW40) -> 1 | AY40: =COUNT(F40:K40) -> 1 | AZ40: =COUNT(AF40:AK40) -> 1 | BA40: =IF(AL40="",0,1) -> 1 | BB40: =C40&M40 -> 520865670800022975 | BC40: =IF(AND(AL40="Milk Run",T40="_"),"Colocar Janela",0) -> 0
A41: FIAPE | B41: WEEK 01 | C41: 463502430 | D41: DUTO DE AR | E41: 0.195 | G41: =VLOOKUP(C41,[10]PFEP!$A:$E,5,0) -> 0 | M41: 800002863 | N41: ABC GROUP | O41: Araras | P41: SP | Q41: Brasil | R41: 1 | S41: ABC GROUP-Araras-SP | T41: 0.875 | U41: 6280 | V41: 36 | W41: 0.6 | X41: 0.4 | Y41: 0.28 | Z41: S | AA41: YES | AB41: 5 | AC41: 4 | AD41: 2.67 | AG41: =VLOOKUP(C41,[10]PFEP!$A:$AG,33,0) -> 0 | AL41: Milk Run | AM41: FIAPE | AN41: Não | AR41: SP | AS41: 2679320000145 | AT41: 16701716003686 | AU41: Volume | AW41: =A41&B41&M41&T41&AS41&AT41&AR41&AL41 -> FIAPEWEEK 018000028630,875267932000014516701716003686SPMilk Run | AX41: =COUNTIF('Suppliers DB'!AL:AL,AW41) -> 1 | AY41: =COUNT(F41:K41) -> 1 | AZ41: =COUNT(AF41:AK41) -> 1 | BA41: =IF(AL41="",0,1) -> 1 | BB41: =C41&M41 -> 463502430800002863 | BC41: =IF(AND(AL41="Milk Run",T41="_"),"Colocar Janela",0) -> 0
A42: FIAPE | B42: WEEK 01 | C42: 501646620 | D42: CONDUTOR DE AR | E42: 0.025 | G42: =VLOOKUP(C42,[10]PFEP!$A:$E,5,0) -> 0 | M42: 800002863 | N42: ABC GROUP | O42: Araras | P42: SP | Q42: Brasil | R42: 1 | S42: ABC GROUP-Araras-SP | T42: 0.875 | U42: 6280 | V42: 70 | W42: 0.6 | X42: 0.4 | Y42: 0.28 | Z42: S | AA42: YES | AB42: 5 | AC42: 4 | AD42: 2.67 | AG42: =VLOOKUP(C42,[10]PFEP!$A:$AG,33,0) -> 0 | AL42: Milk Run | AM42: FIAPE | AN42: Não | AR42: SP | AS42: 2679320000145 | AT42: 16701716003686 | AU42: Peso | AW42: =A42&B42&M42&T42&AS42&AT42&AR42&AL42 -> FIAPEWEEK 018000028630,875267932000014516701716003686SPMilk Run | AX42: =COUNTIF('Suppliers DB'!AL:AL,AW42) -> 1 | AY42: =COUNT(F42:K42) -> 1 | AZ42: =COUNT(AF42:AK42) -> 1 | BA42: =IF(AL42="",0,1) -> 1 | BB42: =C42&M42 -> 501646620800002863 | BC42: =IF(AND(AL42="Milk Run",T42="_"),"Colocar Janela",0) -> 0
A43: FIAPE | B43: WEEK 01 | C43: 501646630 | D43: CONDUTOR DE AR | E43: 0.032 | G43: =VLOOKUP(C43,[10]PFEP!$A:$E,5,0) -> 0 | M43: 800002863 | N43: ABC GROUP | O43: Araras | P43: SP | Q43: Brasil | R43: 1 | S43: ABC GROUP-Araras-SP | T43: 0.875 | U43: 6280 | V43: 60 | W43: 0.6 | X43: 0.4 | Y43: 0.28 | Z43: S | AA43: YES | AB43: 5 | AC43: 4 | AD43: 2.67 | AG43: =VLOOKUP(C43,[10]PFEP!$A:$AG,33,0) -> 0 | AL43: Milk Run | AM43: FIAPE | AN43: Não | AR43: SP | AS43: 2679320000145 | AT43: 16701716003686 | AU43: Peso | AW43: =A43&B43&M43&T43&AS43&AT43&AR43&AL43 -> FIAPEWEEK 018000028630,875267932000014516701716003686SPMilk Run | AX43: =COUNTIF('Suppliers DB'!AL:AL,AW43) -> 1 | AY43: =COUNT(F43:K43) -> 1 | AZ43: =COUNT(AF43:AK43) -> 1 | BA43: =IF(AL43="",0,1) -> 1 | BB43: =C43&M43 -> 501646630800002863 | BC43: =IF(AND(AL43="Milk Run",T43="_"),"Colocar Janela",0) -> 0
A44: FIAPE | B44: WEEK 01 | C44: 501646640 | D44: CONDUTOR DE AR | E44: 0.014 | G44: =VLOOKUP(C44,[10]PFEP!$A:$E,5,0) -> 0 | M44: 800002863 | N44: ABC GROUP | O44: Araras | P44: SP | Q44: Brasil | R44: 1 | S44: ABC GROUP-Araras-SP | T44: 0.875 | U44: 6280 | V44: 150 | W44: 0.6 | X44: 0.4 | Y44: 0.28 | Z44: S | AA44: YES | AB44: 5 | AC44: 4 | AD44: 2.67 | AG44: =VLOOKUP(C44,[10]PFEP!$A:$AG,33,0) -> 0 | AL44: Milk Run | AM44: FIAPE | AN44: Não | AR44: SP | AS44: 2679320000145 | AT44: 16701716003686 | AU44: Peso | AW44: =A44&B44&M44&T44&AS44&AT44&AR44&AL44 -> FIAPEWEEK 018000028630,875267932000014516701716003686SPMilk Run | AX44: =COUNTIF('Suppliers DB'!AL:AL,AW44) -> 1 | AY44: =COUNT(F44:K44) -> 1 | AZ44: =COUNT(AF44:AK44) -> 1 | BA44: =IF(AL44="",0,1) -> 1 | BB44: =C44&M44 -> 501646640800002863 | BC44: =IF(AND(AL44="Milk Run",T44="_"),"Colocar Janela",0) -> 0
A45: FIAPE | B45: WEEK 01 | C45: 521451930 | D45: CONDUTOR DE AR DIREITO | E45: 0.45 | G45: =VLOOKUP(C45,[10]PFEP!$A:$E,5,0) -> 0 | M45: 800002863 | N45: ABC GROUP | O45: Araras | P45: SP | Q45: Brasil | R45: 1 | S45: ABC GROUP-Araras-SP | T45: 0.875 | U45: 4202 | V45: 92 | W45: 1.2 | X45: 1 | Y45: 0.86 | Z45: S | AA45: NO | AB45: 1 | AC45: 1 | AD45: 41 | AG45: =VLOOKUP(C45,[10]PFEP!$A:$AG,33,0) -> 0 | AL45: Milk Run | AM45: FIAPE | AN45: Não | AR45: SP | AS45: 2679320000145 | AT45: 16701716003686 | AU45: Volume | AW45: =A45&B45&M45&T45&AS45&AT45&AR45&AL45 -> FIAPEWEEK 018000028630,875267932000014516701716003686SPMilk Run | AX45: =COUNTIF('Suppliers DB'!AL:AL,AW45) -> 1 | AY45: =COUNT(F45:K45) -> 1 | AZ45: =COUNT(AF45:AK45) -> 1 | BA45: =IF(AL45="",0,1) -> 1 | BB45: =C45&M45 -> 521451930800002863 | BC45: =IF(AND(AL45="Milk Run",T45="_"),"Colocar Janela",0) -> 0
A46: FIAPE | B46: WEEK 01 | C46: 522194720 | D46: DUTO DE AR | E46: 0.195 | G46: =VLOOKUP(C46,[10]PFEP!$A:$E,5,0) -> 0 | M46: 800002863 | N46: ABC GROUP | O46: Araras | P46: SP | Q46: Brasil | R46: 1 | S46: ABC GROUP-Araras-SP | T46: 0.875 | U46: 6280 | V46: 36 | W46: 0.6 | X46: 0.4 | Y46: 0.28 | Z46: S | AA46: YES | AB46: 5 | AC46: 4 | AD46: 2.67 | AG46: =VLOOKUP(C46,[10]PFEP!$A:$AG,33,0) -> 0 | AL46: Milk Run | AM46: FIAPE | AN46: Não | AR46: SP | AS46: 2679320000145 | AT46: 16701716003686 | AU46: Volume | AW46: =A46&B46&M46&T46&AS46&AT46&AR46&AL46 -> FIAPEWEEK 018000028630,875267932000014516701716003686SPMilk Run | AX46: =COUNTIF('Suppliers DB'!AL:AL,AW46) -> 1 | AY46: =COUNT(F46:K46) -> 1 | AZ46: =COUNT(AF46:AK46) -> 1 | BA46: =IF(AL46="",0,1) -> 1 | BB46: =C46&M46 -> 522194720800002863 | BC46: =IF(AND(AL46="Milk Run",T46="_"),"Colocar Janela",0) -> 0
A47: FIAPE | B47: WEEK 01 | C47: 522231780 | D47: CONDUTOR DE AR | E47: 0.036 | G47: =VLOOKUP(C47,[10]PFEP!$A:$E,5,0) -> 0 | M47: 800002863 | N47: ABC GROUP | O47: Araras | P47: SP | Q47: Brasil | R47: 1 | S47: ABC GROUP-Araras-SP | T47: 0.875 | U47: 6280 | V47: 50 | W47: 0.6 | X47: 0.4 | Y47: 0.28 | Z47: S | AA47: YES | AB47: 5 | AC47: 4 | AD47: 2.67 | AG47: =VLOOKUP(C47,[10]PFEP!$A:$AG,33,0) -> 0 | AL47: Milk Run | AM47: FIAPE | AN47: Não | AR47: SP | AS47: 2679320000145 | AT47: 16701716003686 | AU47: Peso | AW47: =A47&B47&M47&T47&AS47&AT47&AR47&AL47 -> FIAPEWEEK 018000028630,875267932000014516701716003686SPMilk Run | AX47: =COUNTIF('Suppliers DB'!AL:AL,AW47) -> 1 | AY47: =COUNT(F47:K47) -> 1 | AZ47: =COUNT(AF47:AK47) -> 1 | BA47: =IF(AL47="",0,1) -> 1 | BB47: =C47&M47 -> 522231780800002863 | BC47: =IF(AND(AL47="Milk Run",T47="_"),"Colocar Janela",0) -> 0
A48: FIAPE | B48: WEEK 01 | C48: 522231790 | D48: CONDUTOR DE AR | E48: 0.017 | G48: =VLOOKUP(C48,[10]PFEP!$A:$E,5,0) -> 0 | M48: 800002863 | N48: ABC GROUP | O48: Araras | P48: SP | Q48: Brasil | R48: 1 | S48: ABC GROUP-Araras-SP | T48: 0.875 | U48: 6280 | V48: 130 | W48: 0.6 | X48: 0.4 | Y48: 0.28 | Z48: S | AA48: YES | AB48: 5 | AC48: 4 | AD48: 2.67 | AG48: =VLOOKUP(C48,[10]PFEP!$A:$AG,33,0) -> 0 | AL48: Milk Run | AM48: FIAPE | AN48: Não | AR48: SP | AS48: 2679320000145 | AT48: 16701716003686 | AU48: Peso | AW48: =A48&B48&M48&T48&AS48&AT48&AR48&AL48 -> FIAPEWEEK 018000028630,875267932000014516701716003686SPMilk Run | AX48: =COUNTIF('Suppliers DB'!AL:AL,AW48) -> 1 | AY48: =COUNT(F48:K48) -> 1 | AZ48: =COUNT(AF48:AK48) -> 1 | BA48: =IF(AL48="",0,1) -> 1 | BB48: =C48&M48 -> 522231790800002863 | BC48: =IF(AND(AL48="Milk Run",T48="_"),"Colocar Janela",0) -> 0
A49: FIAPE | B49: WEEK 01 | C49: 533632660 | D49: CONDUTOR ESQ. PAVIMENTO | E49: 0.1659 | G49: =VLOOKUP(C49,[10]PFEP!$A:$E,5,0) -> 0 | M49: 800002863 | N49: ABC GROUP | O49: Araras | P49: SP | Q49: Brasil | R49: 1 | S49: ABC GROUP-Araras-SP | T49: 0.875 | U49: 4202 | V49: 200 | W49: 1.2 | X49: 1 | Y49: 0.86 | Z49: S | AA49: NO | AB49: 1 | AC49: 1 | AD49: 41 | AG49: =VLOOKUP(C49,[10]PFEP!$A:$AG,33,0) -> 0 | AL49: Milk Run | AM49: FIAPE | AN49: Não | AR49: SP | AS49: 2679320000145 | AT49: 16701716003686 | AU49: Volume | AW49: =A49&B49&M49&T49&AS49&AT49&AR49&AL49 -> FIAPEWEEK 018000028630,875267932000014516701716003686SPMilk Run | AX49: =COUNTIF('Suppliers DB'!AL:AL,AW49) -> 1 | AY49: =COUNT(F49:K49) -> 1 | AZ49: =COUNT(AF49:AK49) -> 1 | BA49: =IF(AL49="",0,1) -> 1 | BB49: =C49&M49 -> 533632660800002863 | BC49: =IF(AND(AL49="Milk Run",T49="_"),"Colocar Janela",0) -> 0
A50: FIAPE | B50: WEEK 01 | C50: 533632670 | D50: CONDUTOR DIR. PAVIMENTO | E50: 0.1722 | G50: =VLOOKUP(C50,[10]PFEP!$A:$E,5,0) -> 0 | M50: 800002863 | N50: ABC GROUP | O50: Araras | P50: SP | Q50: Brasil | R50: 1 | S50: ABC GROUP-Araras-SP | T50: 0.875 | U50: 4202 | V50: 200 | W50: 1.2 | X50: 1 | Y50: 0.86 | Z50: S | AA50: NO | AB50: 1 | AC50: 1 | AD50: 41 | AG50: =VLOOKUP(C50,[10]PFEP!$A:$AG,33,0) -> 0 | AL50: Milk Run | AM50: FIAPE | AN50: Não | AR50: SP | AS50: 2679320000145 | AT50: 16701716003686 | AU50: Peso | AW50: =A50&B50&M50&T50&AS50&AT50&AR50&AL50 -> FIAPEWEEK 018000028630,875267932000014516701716003686SPMilk Run | AX50: =COUNTIF('Suppliers DB'!AL:AL,AW50) -> 1 | AY50: =COUNT(F50:K50) -> 1 | AZ50: =COUNT(AF50:AK50) -> 1 | BA50: =IF(AL50="",0,1) -> 1 | BB50: =C50&M50 -> 533632670800002863 | BC50: =IF(AND(AL50="Milk Run",T50="_"),"Colocar Janela",0) -> 0
A51: FIAPE | B51: WEEK 01 | C51: 533632680 | D51: CONDUTOR DE AR POST DIR | E51: 0.0546 | G51: =VLOOKUP(C51,[10]PFEP!$A:$E,5,0) -> 0 | M51: 800002863 | N51: ABC GROUP | O51: Araras | P51: SP | Q51: Brasil | R51: 1 | S51: ABC GROUP-Araras-SP | T51: 0.875 | U51: 6280 | V51: 50 | W51: 0.6 | X51: 0.4 | Y51: 0.28 | Z51: S | AA51: YES | AB51: 5 | AC51: 4 | AD51: 2.67 | AG51: =VLOOKUP(C51,[10]PFEP!$A:$AG,33,0) -> 0 | AL51: Milk Run | AM51: FIAPE | AN51: Não | AR51: SP | AS51: 2679320000145 | AT51: 16701716003686 | AU51: Volume | AW51: =A51&B51&M51&T51&AS51&AT51&AR51&AL51 -> FIAPEWEEK 018000028630,875267932000014516701716003686SPMilk Run | AX51: =COUNTIF('Suppliers DB'!AL:AL,AW51) -> 1 | AY51: =COUNT(F51:K51) -> 1 | AZ51: =COUNT(AF51:AK51) -> 1 | BA51: =IF(AL51="",0,1) -> 1 | BB51: =C51&M51 -> 533632680800002863 | BC51: =IF(AND(AL51="Milk Run",T51="_"),"Colocar Janela",0) -> 0
A52: FIAPE | B52: WEEK 01 | C52: 533632690 | D52: CONDUTOR DE AR POST DIR | E52: 0.0543 | G52: =VLOOKUP(C52,[10]PFEP!$A:$E,5,0) -> 0 | M52: 800002863 | N52: ABC GROUP | O52: Araras | P52: SP | Q52: Brasil | R52: 1 | S52: ABC GROUP-Araras-SP | T52: 0.875 | U52: 6280 | V52: 50 | W52: 0.6 | X52: 0.4 | Y52: 0.28 | Z52: S | AA52: YES | AB52: 5 | AC52: 4 | AD52: 2.67 | AG52: =VLOOKUP(C52,[10]PFEP!$A:$AG,33,0) -> 0 | AL52: Milk Run | AM52: FIAPE | AN52: Não | AR52: SP | AS52: 2679320000145 | AT52: 16701716003686 | AU52: Volume | AW52: =A52&B52&M52&T52&AS52&AT52&AR52&AL52 -> FIAPEWEEK 018000028630,875267932000014516701716003686SPMilk Run | AX52: =COUNTIF('Suppliers DB'!AL:AL,AW52) -> 1 | AY52: =COUNT(F52:K52) -> 1 | AZ52: =COUNT(AF52:AK52) -> 1 | BA52: =IF(AL52="",0,1) -> 1 | BB52: =C52&M52 -> 533632690800002863 | BC52: =IF(AND(AL52="Milk Run",T52="_"),"Colocar Janela",0) -> 0
... A55: FIAPE | B55: WEEK 01 | C55: 533261060 | D55: RESERVATORIO LIQUIDO LIMPADOR PARABRISA | E55: 0.7697 | G55: =VLOOKUP(C55,[10]PFEP!$A:$E,5,0) -> #N/A | M55: 800002863 | N55: ABC GROUP | O55: Araras | P55: SP | Q55: Brasil | R55: 1 | S55: ABC GROUP-Araras-SP | T55: 0.875 | U55: 4202 | V55: 40 | W55: 1.2 | X55: 1 | Y55: 0.86 | Z55: S | AA55: NO | AB55: 1 | AC55: 1 | AD55: 41 | AG55: =VLOOKUP(C55,[10]PFEP!$A:$AG,33,0) -> #N/A | AL55: Milk Run | AM55: FIAPE | AN55: Não | AR55: SP | AS55: 2679320000145 | AT55: 16701716003686 | AU55: Peso | AW55: =A55&B55&M55&T55&AS55&AT55&AR55&AL55 -> FIAPEWEEK 018000028630,875267932000014516701716003686SPMilk Run | AX55: =COUNTIF('Suppliers DB'!AL:AL,AW55) -> 1 | AY55: =COUNT(F55:K55) -> 0 | AZ55: =COUNT(AF55:AK55) -> 0 | BA55: =IF(AL55="",0,1) -> 1 | BB55: =C55&M55 -> 533261060800002863 | BC55: =IF(AND(AL55="Milk Run",T55="_"),"Colocar Janela",0) -> 0
A56: FIAPE | B56: WEEK 01 | C56: 519670760 | D56: SUPORTE RODA DE ESTEPE | E56: 0.5 | G56: =VLOOKUP(C56,[10]PFEP!$A:$E,5,0) -> 0 | M56: 800009856 | N56: ALPINO IND META | O56: Jundiai | P56: SP | Q56: Brasil | R56: 1 | S56: ALPINO IND META-Jundiai-SP | T56: 0.91666667 | U56: 4214 | V56: 28 | W56: 1.638 | X56: 1.219 | Y56: 0.89 | Z56: S | AA56: NO | AB56: 1 | AC56: 1 | AD56: 95 | AE56: Não recebe veículo Baú | AG56: =VLOOKUP(C56,[10]PFEP!$A:$AG,33,0) -> 0 | AL56: Milk Run | AM56: FIAPE | AN56: Não | AR56: SP | AS56: 61451027000195 | AT56: 16701716003686 | AU56: Volume | AW56: =A56&B56&M56&T56&AS56&AT56&AR56&AL56 -> FIAPEWEEK 018000098560,9166666666666676145102700019516701716003686SPMilk Run | AX56: =COUNTIF('Suppliers DB'!AL:AL,AW56) -> 1 | AY56: =COUNT(F56:K56) -> 1 | AZ56: =COUNT(AF56:AK56) -> 1 | BA56: =IF(AL56="",0,1) -> 1 | BB56: =C56&M56 -> 519670760800009856 | BC56: =IF(AND(AL56="Milk Run",T56="_"),"Colocar Janela",0) -> 0
A57: FIAPE | B57: WEEK 01 | C57: 520430470 | D57: BARRA TRAVAMENTO EXTENSOR | E57: 0.5 | G57: =VLOOKUP(C57,[10]PFEP!$A:$E,5,0) -> #N/A | M57: 800009856 | N57: ALPINO IND META | O57: Jundiai | P57: SP | Q57: Brasil | R57: 1 | S57: ALPINO IND META-Jundiai-SP | T57: 0.91666667 | U57: 6147 | V57: 35 | W57: 0.592 | X57: 0.395 | Y57: 0.147 | Z57: S | AA57: YES | AB57: 5 | AC57: 3 | AD57: 2 | AE57: Não recebe veículo Baú | AG57: =VLOOKUP(C57,[10]PFEP!$A:$AG,33,0) -> #N/A | AL57: Milk Run | AM57: FIAPE | AN57: Não | AR57: SP | AS57: 61451027000195 | AT57: 16701716003686 | AU57: Volume | AW57: =A57&B57&M57&T57&AS57&AT57&AR57&AL57 -> FIAPEWEEK 018000098560,9166666666666676145102700019516701716003686SPMilk Run | AX57: =COUNTIF('Suppliers DB'!AL:AL,AW57) -> 1 | AY57: =COUNT(F57:K57) -> 0 | AZ57: =COUNT(AF57:AK57) -> 0 | BA57: =IF(AL57="",0,1) -> 1 | BB57: =C57&M57 -> 520430470800009856 | BC57: =IF(AND(AL57="Milk Run",T57="_"),"Colocar Janela",0) -> 0
A58: FIAPE | B58: WEEK 01 | C58: 520723200 | D58: GUIA RETENCAO BARRA SUSTENTACAO EXTENSOR | E58: 0.024 | G58: =VLOOKUP(C58,[10]PFEP!$A:$E,5,0) -> #N/A | M58: 800009856 | N58: ALPINO IND META | O58: Jundiai | P58: SP | Q58: Brasil | R58: 1 | S58: ALPINO IND META-Jundiai-SP | T58: 0.91666667 | U58: 6147 | V58: 35 | W58: 0.592 | X58: 0.395 | Y58: 0.147 | Z58: S | AA58: YES | AB58: 5 | AC58: 3 | AD58: 2 | AE58: Não recebe veículo Baú | AG58: =VLOOKUP(C58,[10]PFEP!$A:$AG,33,0) -> #N/A | AL58: Milk Run | AM58: FIAPE | AN58: Não | AR58: SP | AS58: 61451027000195 | AT58: 16701716003686 | AU58: Volume | AW58: =A58&B58&M58&T58&AS58&AT58&AR58&AL58 -> FIAPEWEEK 018000098560,9166666666666676145102700019516701716003686SPMilk Run | AX58: =COUNTIF('Suppliers DB'!AL:AL,AW58) -> 1 | AY58: =COUNT(F58:K58) -> 0 | AZ58: =COUNT(AF58:AK58) -> 0 | BA58: =IF(AL58="",0,1) -> 1 | BB58: =C58&M58 -> 520723200800009856 | BC58: =IF(AND(AL58="Milk Run",T58="_"),"Colocar Janela",0) -> 0
A59: FIAPE | B59: WEEK 01 | C59: 520723220 | D59: GUIA RETENCAO BARRA SUSTENTACAO EXTENSOR | E59: 0.076 | G59: =VLOOKUP(C59,[10]PFEP!$A:$E,5,0) -> #N/A | M59: 800009856 | N59: ALPINO IND META | O59: Jundiai | P59: SP | Q59: Brasil | R59: 1 | S59: ALPINO IND META-Jundiai-SP | T59: 0.91666667 | U59: 6147 | V59: 60 | W59: 0.592 | X59: 0.395 | Y59: 0.147 | Z59: S | AA59: YES | AB59: 5 | AC59: 3 | AD59: 2 | AE59: Não recebe veículo Baú | AG59: =VLOOKUP(C59,[10]PFEP!$A:$AG,33,0) -> #N/A | AL59: Milk Run | AM59: FIAPE | AN59: Não | AR59: SP | AS59: 61451027000195 | AT59: 16701716003686 | AU59: Volume | AW59: =A59&B59&M59&T59&AS59&AT59&AR59&AL59 -> FIAPEWEEK 018000098560,9166666666666676145102700019516701716003686SPMilk Run | AX59: =COUNTIF('Suppliers DB'!AL:AL,AW59) -> 1 | AY59: =COUNT(F59:K59) -> 0 | AZ59: =COUNT(AF59:AK59) -> 0 | BA59: =IF(AL59="",0,1) -> 1 | BB59: =C59&M59 -> 520723220800009856 | BC59: =IF(AND(AL59="Milk Run",T59="_"),"Colocar Janela",0) -> 0
A60: FIAPE | B60: WEEK 01 | C60: 520723230 | D60: GUIA RETENCAO BARRA SUSTENTACAO EXTENSOR | E60: 0.007 | G60: =VLOOKUP(C60,[10]PFEP!$A:$E,5,0) -> #N/A | M60: 800009856 | N60: ALPINO IND META | O60: Jundiai | P60: SP | Q60: Brasil | R60: 1 | S60: ALPINO IND META-Jundiai-SP | T60: 0.91666667 | U60: 6147 | V60: 35 | W60: 0.592 | X60: 0.395 | Y60: 0.147 | Z60: S | AA60: YES | AB60: 5 | AC60: 3 | AD60: 2 | AE60: Não recebe veículo Baú | AG60: =VLOOKUP(C60,[10]PFEP!$A:$AG,33,0) -> #N/A | AL60: Milk Run | AM60: FIAPE | AN60: Não | AR60: SP | AS60: 61451027000195 | AT60: 16701716003686 | AU60: Volume | AW60: =A60&B60&M60&T60&AS60&AT60&AR60&AL60 -> FIAPEWEEK 018000098560,9166666666666676145102700019516701716003686SPMilk Run | AX60: =COUNTIF('Suppliers DB'!AL:AL,AW60) -> 1 | AY60: =COUNT(F60:K60) -> 0 | AZ60: =COUNT(AF60:AK60) -> 0 | BA60: =IF(AL60="",0,1) -> 1 | BB60: =C60&M60 -> 520723230800009856 | BC60: =IF(AND(AL60="Milk Run",T60="_"),"Colocar Janela",0) -> 0
A61: FIAPE | B61: WEEK 01 | C61: 520090704 | D61: SUPORTE DE SUSTENTACAO DO MOTOR | E61: 0.1 | G61: =VLOOKUP(C61,[10]PFEP!$A:$E,5,0) -> #N/A | M61: 800006454 | N61: METALSIDER | O61: Guarulhos | P61: SP | Q61: Brasil | R61: 1 | S61: ALUDYNE COMPONE-Guarulhos-SP | T61: 0.6875 | U61: LB119 | V61: 300 | W61: 1.21 | X61: 1.01 | Y61: 0.83 | Z61: S | AA61: NO | AB61: 1 | AC61: 1 | AD61: 77 | AE61: Carregamento pela lateral | Não enviar veículo menor que Truck | AG61: =VLOOKUP(C61,[10]PFEP!$A:$AG,33,0) -> #N/A | AL61: Milk Run | AM61: FIAPE | AN61: Não | AR61: SP | AS61: 2221397000177 | AT61: 16701716003686 | AU61: Volume | AW61: =A61&B61&M61&T61&AS61&AT61&AR61&AL61 -> FIAPEWEEK 018000064540,6875222139700017716701716003686SPMilk Run | AX61: =COUNTIF('Suppliers DB'!AL:AL,AW61) -> 0 | AY61: =COUNT(F61:K61) -> 0 | AZ61: =COUNT(AF61:AK61) -> 0 | BA61: =IF(AL61="",0,1) -> 1 | BB61: =C61&M61 -> 520090704800006454 | BC61: =IF(AND(AL61="Milk Run",T61="_"),"Colocar Janela",0) -> 0
A62: FIAPE | B62: WEEK 01 | C62: 609278700 | D62: CONEXAO AUX E USB | E62: 0.15 | G62: =VLOOKUP(C62,[10]PFEP!$A:$E,5,0) -> #N/A | M62: 800005810 | N62: APTIV | O62: Jambeiro | P62: SP | Q62: Brasil | R62: 1 | S62: APTIV-Jambeiro-SP | T62: 0.625 | U62: 86 | V62: 180 | W62: 0.298 | X62: 0.198 | Y62: 0.147 | Z62: N | AA62: YES | AB62: 20 | AC62: 6 | AD62: 0.6 | AG62: =VLOOKUP(C62,[10]PFEP!$A:$AG,33,0) -> #N/A | AL62: Milk Run | AM62: FIAPE | AN62: Não | AR62: SP | AS62: 857758000736 | AT62: 16701716003686 | AU62: Volume | AW62: =A62&B62&M62&T62&AS62&AT62&AR62&AL62 -> FIAPEWEEK 018000058100,62585775800073616701716003686SPMilk Run | AX62: =COUNTIF('Suppliers DB'!AL:AL,AW62) -> 1 | AY62: =COUNT(F62:K62) -> 0 | AZ62: =COUNT(AF62:AK62) -> 0 | BA62: =IF(AL62="",0,1) -> 1 | BB62: =C62&M62 -> 609278700800005810 | BC62: =IF(AND(AL62="Milk Run",T62="_"),"Colocar Janela",0) -> 0
A63: FIAPE | B63: WEEK 01 | C63: 1002658960 | D63: CONEXAO AUX E USB | E63: 0.15 | G63: =VLOOKUP(C63,[10]PFEP!$A:$E,5,0) -> #N/A | M63: 800005810 | N63: APTIV | O63: Jambeiro | P63: SP | Q63: Brasil | R63: 1 | S63: APTIV-Jambeiro-SP | T63: 0.625 | U63: 86 | V63: 180 | W63: 0.298 | X63: 0.198 | Y63: 0.147 | Z63: N | AA63: YES | AB63: 20 | AC63: 6 | AD63: 0.6 | AG63: =VLOOKUP(C63,[10]PFEP!$A:$AG,33,0) -> #N/A | AL63: Milk Run | AM63: FIAPE | AN63: Não | AR63: SP | AS63: 857758000736 | AT63: 16701716003686 | AU63: Volume | AW63: =A63&B63&M63&T63&AS63&AT63&AR63&AL63 -> FIAPEWEEK 018000058100,62585775800073616701716003686SPMilk Run | AX63: =COUNTIF('Suppliers DB'!AL:AL,AW63) -> 1 | AY63: =COUNT(F63:K63) -> 0 | AZ63: =COUNT(AF63:AK63) -> 0 | BA63: =IF(AL63="",0,1) -> 1 | BB63: =C63&M63 -> 1002658960800005810 | BC63: =IF(AND(AL63="Milk Run",T63="_"),"Colocar Janela",0) -> 0
A64: FIAPE | B64: WEEK 01 | C64: 7356006590 | D64: CONEXAO AUX E USB | E64: 0.15 | G64: =VLOOKUP(C64,[10]PFEP!$A:$E,5,0) -> #N/A | M64: 800005810 | N64: APTIV | O64: Jambeiro | P64: SP | Q64: Brasil | R64: 1 | S64: APTIV-Jambeiro-SP | T64: 0.625 | U64: 86 | V64: 120 | W64: 0.298 | X64: 0.198 | Y64: 0.147 | Z64: N | AA64: YES | AB64: 20 | AC64: 6 | AD64: 0.6 | AG64: =VLOOKUP(C64,[10]PFEP!$A:$AG,33,0) -> #N/A | AL64: Milk Run | AM64: FIAPE | AN64: Não | AR64: SP | AS64: 857758000736 | AT64: 16701716003686 | AU64: Volume | AW64: =A64&B64&M64&T64&AS64&AT64&AR64&AL64 -> FIAPEWEEK 018000058100,62585775800073616701716003686SPMilk Run | AX64: =COUNTIF('Suppliers DB'!AL:AL,AW64) -> 1 | AY64: =COUNT(F64:K64) -> 0 | AZ64: =COUNT(AF64:AK64) -> 0 | BA64: =IF(AL64="",0,1) -> 1 | BB64: =C64&M64 -> 7356006590800005810 | BC64: =IF(AND(AL64="Milk Run",T64="_"),"Colocar Janela",0) -> 0
A65: FIAPE | B65: WEEK 01 | C65: 520837500 | D65: SUPORTE MOTOPROPULSOR LADO CAMBIO | E65: 2.274 | G65: =VLOOKUP(C65,[10]PFEP!$A:$E,5,0) -> #N/A | M65: 800036277 | N65: AUTO PARTS | O65: Tatui | P65: SP | Q65: Brasil | R65: 1 | S65: AUTO PARTS-Tatui-SP | T65: 0.91666667 | U65: 4210 | V65: 132 | W65: 0.813 | X65: 0.762 | Y65: 0.635 | Z65: S | AA65: NO | AB65: 1 | AC65: 1 | AD65: 31 | AG65: =VLOOKUP(C65,[10]PFEP!$A:$AG,33,0) -> #N/A | AL65: Milk Run | AM65: FIAPE | AN65: Não | AR65: SP | AS65: 22066976000280 | AT65: 16701716003686 | AU65: Volume | AW65: =A65&B65&M65&T65&AS65&AT65&AR65&AL65 -> FIAPEWEEK 018000362770,9166666666666672206697600028016701716003686SPMilk Run | AX65: =COUNTIF('Suppliers DB'!AL:AL,AW65) -> 1 | AY65: =COUNT(F65:K65) -> 0 | AZ65: =COUNT(AF65:AK65) -> 0 | BA65: =IF(AL65="",0,1) -> 1 | BB65: =C65&M65 -> 520837500800036277 | BC65: =IF(AND(AL65="Milk Run",T65="_"),"Colocar Janela",0) -> 0
A66: FIAPE | B66: WEEK 01 | C66: 521114660 | D66: SUPORTE MOTOPROPULSOR LADO CAMBIO | E66: 0.976 | G66: =VLOOKUP(C66,[10]PFEP!$A:$E,5,0) -> #N/A | M66: 800036277 | N66: AUTO PARTS | O66: Tatui | P66: SP | Q66: Brasil | R66: 1 | S66: AUTO PARTS-Tatui-SP | T66: 0.91666667 | U66: 4201 | V66: 480 | W66: 1 | X66: 1.2 | Y66: 0.86 | Z66: S | AA66: NO | AB66: 1 | AC66: 1 | AD66: 60 | AG66: =VLOOKUP(C66,[10]PFEP!$A:$AG,33,0) -> #N/A | AL66: Milk Run | AM66: FIAPE | AN66: Não | AR66: SP | AS66: 22066976000280 | AT66: 16701716003686 | AU66: Volume | AW66: =A66&B66&M66&T66&AS66&AT66&AR66&AL66 -> FIAPEWEEK 018000362770,9166666666666672206697600028016701716003686SPMilk Run | AX66: =COUNTIF('Suppliers DB'!AL:AL,AW66) -> 1 | AY66: =COUNT(F66:K66) -> 0 | AZ66: =COUNT(AF66:AK66) -> 0 | BA66: =IF(AL66="",0,1) -> 1 | BB66: =C66&M66 -> 521114660800036277 | BC66: =IF(AND(AL66="Milk Run",T66="_"),"Colocar Janela",0) -> 0
A67: FIAPE | B67: WEEK 01 | C67: 519880320 | D67: SUPORTE MOTOPROPULSOR LADO CAMBIO | E67: 1.585 | G67: =VLOOKUP(C67,[10]PFEP!$A:$E,5,0) -> 0 | M67: 800036277 | N67: AUTO PARTS | O67: Tatui | P67: SP | Q67: Brasil | R67: 1 | S67: AUTO PARTS-Tatui-SP | T67: 0.91666667 | U67: 4201 | V67: 315 | W67: 1 | X67: 1.2 | Y67: 0.86 | Z67: S | AA67: NO | AB67: 1 | AC67: 1 | AD67: 60 | AG67: =VLOOKUP(C67,[10]PFEP!$A:$AG,33,0) -> 0 | AL67: Milk Run | AM67: FIAPE | AN67: Não | AR67: SP | AS67: 22066976000280 | AT67: 16701716003686 | AU67: Volume | AW67: =A67&B67&M67&T67&AS67&AT67&AR67&AL67 -> FIAPEWEEK 018000362770,9166666666666672206697600028016701716003686SPMilk Run | AX67: =COUNTIF('Suppliers DB'!AL:AL,AW67) -> 1 | AY67: =COUNT(F67:K67) -> 1 | AZ67: =COUNT(AF67:AK67) -> 1 | BA67: =IF(AL67="",0,1) -> 1 | BB67: =C67&M67 -> 519880320800036277 | BC67: =IF(AND(AL67="Milk Run",T67="_"),"Colocar Janela",0) -> 0
A68: FIAPE | B68: WEEK 01 | C68: 519997903 | D68: SUPORTE MOTOR LADO CAMBIO | E68: 1.26 | G68: =VLOOKUP(C68,[10]PFEP!$A:$E,5,0) -> 0 | M68: 800036277 | N68: AUTO PARTS | O68: Tatui | P68: SP | Q68: Brasil | R68: 1 | S68: AUTO PARTS-Tatui-SP | T68: 0.91666667 | U68: 4201 | V68: 320 | W68: 1 | X68: 1.2 | Y68: 0.86 | Z68: S | AA68: NO | AB68: 1 | AC68: 1 | AD68: 60 | AG68: =VLOOKUP(C68,[10]PFEP!$A:$AG,33,0) -> 0 | AL68: Milk Run | AM68: FIAPE | AN68: Não | AR68: SP | AS68: 22066976000280 | AT68: 16701716003686 | AU68: Volume | AW68: =A68&B68&M68&T68&AS68&AT68&AR68&AL68 -> FIAPEWEEK 018000362770,9166666666666672206697600028016701716003686SPMilk Run | AX68: =COUNTIF('Suppliers DB'!AL:AL,AW68) -> 1 | AY68: =COUNT(F68:K68) -> 1 | AZ68: =COUNT(AF68:AK68) -> 1 | BA68: =IF(AL68="",0,1) -> 1 | BB68: =C68&M68 -> 519997903800036277 | BC68: =IF(AND(AL68="Milk Run",T68="_"),"Colocar Janela",0) -> 0
A69: FIAPE | B69: WEEK 01 | C69: 520286410 | D69: SUPORTE MOTOPROPULSOR | E69: 0.194 | G69: =VLOOKUP(C69,[10]PFEP!$A:$E,5,0) -> 0 | M69: 800036277 | N69: AUTO PARTS | O69: Tatui | P69: SP | Q69: Brasil | R69: 1 | S69: AUTO PARTS-Tatui-SP | T69: 0.91666667 | U69: 6147 | V69: 50 | W69: 0.592 | X69: 0.395 | Y69: 0.147 | Z69: S | AA69: YES | AB69: 5 | AC69: 3 | AD69: 2 | AG69: =VLOOKUP(C69,[10]PFEP!$A:$AG,33,0) -> 0 | AL69: Milk Run | AM69: FIAPE | AN69: Não | AR69: SP | AS69: 22066976000280 | AT69: 16701716003686 | AU69: Volume | AW69: =A69&B69&M69&T69&AS69&AT69&AR69&AL69 -> FIAPEWEEK 018000362770,9166666666666672206697600028016701716003686SPMilk Run | AX69: =COUNTIF('Suppliers DB'!AL:AL,AW69) -> 1 | AY69: =COUNT(F69:K69) -> 1 | AZ69: =COUNT(AF69:AK69) -> 1 | BA69: =IF(AL69="",0,1) -> 1 | BB69: =C69&M69 -> 520286410800036277 | BC69: =IF(AND(AL69="Milk Run",T69="_"),"Colocar Janela",0) -> 0
A70: FIAPE | B70: WEEK 01 | C70: 501463230 | D70: AIR BAG LATERAL DIREITO | E70: 0.1 | G70: =VLOOKUP(C70,[10]PFEP!$A:$E,5,0) -> 0 | M70: 800000377 | N70: AUTOLIV | O70: Taubate | P70: SP | Q70: Brasil | R70: 1 | S70: AUTOLIV-Taubate-SP | T70: 0.875 | U70: 4202 | V70: 88 | W70: 1.2 | X70: 1 | Y70: 0.86 | Z70: S | AA70: NO | AB70: 1 | AC70: 1 | AD70: 41 | AG70: =VLOOKUP(C70,[10]PFEP!$A:$AG,33,0) -> 0 | AL70: Milk Run | AM70: FIAPE | AN70: Não | AR70: SP Hazmat | AS70: 1340384000154 | AT70: 16701716003686 | AU70: Volume | AW70: =A70&B70&M70&T70&AS70&AT70&AR70&AL70 -> FIAPEWEEK 018000003770,875134038400015416701716003686SP HazmatMilk Run | AX70: =COUNTIF('Suppliers DB'!AL:AL,AW70) -> 0 | AY70: =COUNT(F70:K70) -> 1 | AZ70: =COUNT(AF70:AK70) -> 1 | BA70: =IF(AL70="",0,1) -> 1 | BB70: =C70&M70 -> 501463230800000377 | BC70: =IF(AND(AL70="Milk Run",T70="_"),"Colocar Janela",0) -> 0
A71: FIAPE | B71: WEEK 01 | C71: 501463240 | D71: AIR BAG LATERAL ESQUERDO | E71: 1.24 | G71: =VLOOKUP(C71,[10]PFEP!$A:$E,5,0) -> 0 | M71: 800000377 | N71: AUTOLIV | O71: Taubate | P71: SP | Q71: Brasil | R71: 1 | S71: AUTOLIV-Taubate-SP | T71: 0.875 | U71: 4202 | V71: 88 | W71: 1.2 | X71: 1 | Y71: 0.86 | Z71: S | AA71: NO | AB71: 1 | AC71: 1 | AD71: 41 | AG71: =VLOOKUP(C71,[10]PFEP!$A:$AG,33,0) -> 0 | AL71: Milk Run | AM71: FIAPE | AN71: Não | AR71: SP Hazmat | AS71: 1340384000154 | AT71: 16701716003686 | AU71: Volume | AW71: =A71&B71&M71&T71&AS71&AT71&AR71&AL71 -> FIAPEWEEK 018000003770,875134038400015416701716003686SP HazmatMilk Run | AX71: =COUNTIF('Suppliers DB'!AL:AL,AW71) -> 0 | AY71: =COUNT(F71:K71) -> 1 | AZ71: =COUNT(AF71:AK71) -> 1 | BA71: =IF(AL71="",0,1) -> 1 | BB71: =C71&M71 -> 501463240800000377 | BC71: =IF(AND(AL71="Milk Run",T71="_"),"Colocar Janela",0) -> 0
A72: FIAPE | B72: WEEK 01 | C72: 521749200 | D72: AIR BAG LATERAL DIREITO | E72: 0.1 | G72: =VLOOKUP(C72,[10]PFEP!$A:$E,5,0) -> 0 | M72: 800000377 | N72: AUTOLIV | O72: Taubate | P72: SP | Q72: Brasil | R72: 1 | S72: AUTOLIV-Taubate-SP | T72: 0.875 | U72: 4202 | V72: 88 | W72: 1.2 | X72: 1 | Y72: 0.86 | Z72: S | AA72: NO | AB72: 1 | AC72: 1 | AD72: 41 | AG72: =VLOOKUP(C72,[10]PFEP!$A:$AG,33,0) -> 0 | AL72: Milk Run | AM72: FIAPE | AN72: Não | AR72: SP Hazmat | AS72: 1340384000154 | AT72: 16701716003686 | AU72: Volume | AW72: =A72&B72&M72&T72&AS72&AT72&AR72&AL72 -> FIAPEWEEK 018000003770,875134038400015416701716003686SP HazmatMilk Run | AX72: =COUNTIF('Suppliers DB'!AL:AL,AW72) -> 0 | AY72: =COUNT(F72:K72) -> 1 | AZ72: =COUNT(AF72:AK72) -> 1 | BA72: =IF(AL72="",0,1) -> 1 | BB72: =C72&M72 -> 521749200800000377 | BC72: =IF(AND(AL72="Milk Run",T72="_"),"Colocar Janela",0) -> 0
A73: FIAPE | B73: WEEK 01 | C73: 521749210 | D73: AIR BAG LATERAL ESQUERDO | E73: 1.24 | G73: =VLOOKUP(C73,[10]PFEP!$A:$E,5,0) -> 0 | M73: 800000377 | N73: AUTOLIV | O73: Taubate | P73: SP | Q73: Brasil | R73: 1 | S73: AUTOLIV-Taubate-SP | T73: 0.875 | U73: 4202 | V73: 88 | W73: 1.2 | X73: 1 | Y73: 0.86 | Z73: S | AA73: NO | AB73: 1 | AC73: 1 | AD73: 41 | AG73: =VLOOKUP(C73,[10]PFEP!$A:$AG,33,0) -> 0 | AL73: Milk Run | AM73: FIAPE | AN73: Não | AR73: SP Hazmat | AS73: 1340384000154 | AT73: 16701716003686 | AU73: Volume | AW73: =A73&B73&M73&T73&AS73&AT73&AR73&AL73 -> FIAPEWEEK 018000003770,875134038400015416701716003686SP HazmatMilk Run | AX73: =COUNTIF('Suppliers DB'!AL:AL,AW73) -> 0 | AY73: =COUNT(F73:K73) -> 1 | AZ73: =COUNT(AF73:AK73) -> 1 | BA73: =IF(AL73="",0,1) -> 1 | BB73: =C73&M73 -> 521749210800000377 | BC73: =IF(AND(AL73="Milk Run",T73="_"),"Colocar Janela",0) -> 0
... A99: FIAPE | B99: WEEK 01 | C99: 1002752760 | D99: FECHO DO CINTO | E99: 0.266 | G99: =VLOOKUP(C99,[10]PFEP!$A:$E,5,0) -> 0 | M99: 800000377 | N99: AUTOLIV | O99: Taubate | P99: SP | Q99: Brasil | R99: 1 | S99: AUTOLIV-Taubate-SP | T99: 0.875 | U99: 6147 | V99: 40 | W99: 0.592 | X99: 0.395 | Y99: 0.147 | Z99: S | AA99: YES | AB99: 5 | AC99: 3 | AD99: 2 | AG99: =VLOOKUP(C99,[10]PFEP!$A:$AG,33,0) -> 0 | AL99: Milk Run | AM99: FIAPE | AN99: Não | AR99: SP Hazmat | AS99: 1340384000154 | AT99: 16701716003686 | AU99: Volume | AW99: =A99&B99&M99&T99&AS99&AT99&AR99&AL99 -> FIAPEWEEK 018000003770,875134038400015416701716003686SP HazmatMilk Run | AX99: =COUNTIF('Suppliers DB'!AL:AL,AW99) -> 0 | AY99: =COUNT(F99:K99) -> 1 | AZ99: =COUNT(AF99:AK99) -> 1 | BA99: =IF(AL99="",0,1) -> 1 | BB99: =C99&M99 -> 1002752760800000377 | BC99: =IF(AND(AL99="Milk Run",T99="_"),"Colocar Janela",0) -> 0
A100: FIAPE | B100: WEEK 01 | C100: 1002174550 | D100: CALOTA RODA 16"-INC | E100: 0.315 | G100: =VLOOKUP(C100,[10]PFEP!$A:$E,5,0) -> #N/A | M100: 800006157 | N100: AUTOMETAL | O100: Sao Bernardo Do Campo | P100: SP | Q100: Brasil | R100: 1 | S100: AUTOMETAL-Sao Bernardo Do Campo-SP | T100: 0.625 | U100: 4202 | V100: 72 | W100: 1.2 | X100: 1 | Y100: 0.86 | Z100: S | AA100: NO | AB100: 1 | AC100: 1 | AD100: 41 | AE100: Não recebe carreta | AG100: =VLOOKUP(C100,[10]PFEP!$A:$AG,33,0) -> #N/A | AL100: Milk Run | AM100: FIAPE | AN100: Não | AR100: SP | AS100: 3985506000195 | AT100: 16701716003686 | AU100: Volume | AW100: =A100&B100&M100&T100&AS100&AT100&AR100&AL100 -> FIAPEWEEK 018000061570,625398550600019516701716003686SPMilk Run | AX100: =COUNTIF('Suppliers DB'!AL:AL,AW100) -> 1 | AY100: =COUNT(F100:K100) -> 0 | AZ100: =COUNT(AF100:AK100) -> 0 | BA100: =IF(AL100="",0,1) -> 1 | BB100: =C100&M100 -> 1002174550800006157 | BC100: =IF(AND(AL100="Milk Run",T100="_"),"Colocar Janela",0) -> 0
A101: FIAPE | B101: WEEK 01 | C101: 1002174560 | D101: CALOTA RODA 16"-INC | E101: 0.315 | G101: =VLOOKUP(C101,[10]PFEP!$A:$E,5,0) -> #N/A | M101: 800006157 | N101: AUTOMETAL | O101: Sao Bernardo Do Campo | P101: SP | Q101: Brasil | R101: 1 | S101: AUTOMETAL-Sao Bernardo Do Campo-SP | T101: 0.625 | U101: 4202 | V101: 72 | W101: 1.2 | X101: 1 | Y101: 0.86 | Z101: S | AA101: NO | AB101: 1 | AC101: 1 | AD101: 41 | AE101: Não recebe carreta | AG101: =VLOOKUP(C101,[10]PFEP!$A:$AG,33,0) -> #N/A | AL101: Milk Run | AM101: FIAPE | AN101: Não | AR101: SP | AS101: 3985506000195 | AT101: 16701716003686 | AU101: Volume | AW101: =A101&B101&M101&T101&AS101&AT101&AR101&AL101 -> FIAPEWEEK 018000061570,625398550600019516701716003686SPMilk Run | AX101: =COUNTIF('Suppliers DB'!AL:AL,AW101) -> 1 | AY101: =COUNT(F101:K101) -> 0 | AZ101: =COUNT(AF101:AK101) -> 0 | BA101: =IF(AL101="",0,1) -> 1 | BB101: =C101&M101 -> 1002174560800006157 | BC101: =IF(AND(AL101="Milk Run",T101="_"),"Colocar Janela",0) -> 0
A102: FIAPE | B102: WEEK 01 | C102: 1002299070 | D102: CALOTA RODA CINZA METALIZADO | E102: 0.315 | G102: =VLOOKUP(C102,[10]PFEP!$A:$E,5,0) -> #N/A | M102: 800006157 | N102: AUTOMETAL | O102: Sao Bernardo Do Campo | P102: SP | Q102: Brasil | R102: 1 | S102: AUTOMETAL-Sao Bernardo Do Campo-SP | T102: 0.625 | U102: 4202 | V102: 72 | W102: 1.2 | X102: 1 | Y102: 0.86 | Z102: S | AA102: NO | AB102: 1 | AC102: 1 | AD102: 41 | AE102: Não recebe carreta | AG102: =VLOOKUP(C102,[10]PFEP!$A:$AG,33,0) -> #N/A | AL102: Milk Run | AM102: FIAPE | AN102: Não | AR102: SP | AS102: 3985506000195 | AT102: 16701716003686 | AU102: Volume | AW102: =A102&B102&M102&T102&AS102&AT102&AR102&AL102 -> FIAPEWEEK 018000061570,625398550600019516701716003686SPMilk Run | AX102: =COUNTIF('Suppliers DB'!AL:AL,AW102) -> 1 | AY102: =COUNT(F102:K102) -> 0 | AZ102: =COUNT(AF102:AK102) -> 0 | BA102: =IF(AL102="",0,1) -> 1 | BB102: =C102&M102 -> 1002299070800006157 | BC102: =IF(AND(AL102="Milk Run",T102="_"),"Colocar Janela",0) -> 0
A103: FIAPE | B103: WEEK 01 | C103: 1002299090 | D103: CALOTA RODA CINZA METALIZADO | E103: 0.315 | G103: =VLOOKUP(C103,[10]PFEP!$A:$E,5,0) -> #N/A | M103: 800006157 | N103: AUTOMETAL | O103: Sao Bernardo Do Campo | P103: SP | Q103: Brasil | R103: 1 | S103: AUTOMETAL-Sao Bernardo Do Campo-SP | T103: 0.625 | U103: 4202 | V103: 80 | W103: 1.2 | X103: 1 | Y103: 0.86 | Z103: S | AA103: NO | AB103: 1 | AC103: 1 | AD103: 41 | AE103: Não recebe carreta | AG103: =VLOOKUP(C103,[10]PFEP!$A:$AG,33,0) -> #N/A | AL103: Milk Run | AM103: FIAPE | AN103: Não | AR103: SP | AS103: 3985506000195 | AT103: 16701716003686 | AU103: Volume | AW103: =A103&B103&M103&T103&AS103&AT103&AR103&AL103 -> FIAPEWEEK 018000061570,625398550600019516701716003686SPMilk Run | AX103: =COUNTIF('Suppliers DB'!AL:AL,AW103) -> 1 | AY103: =COUNT(F103:K103) -> 0 | AZ103: =COUNT(AF103:AK103) -> 0 | BA103: =IF(AL103="",0,1) -> 1 | BB103: =C103&M103 -> 1002299090800006157 | BC103: =IF(AND(AL103="Milk Run",T103="_"),"Colocar Janela",0) -> 0
A104: FIAPE | B104: WEEK 01 | C104: 1002486410 | D104: SIGLA MODELO | E104: 0.011 | G104: =VLOOKUP(C104,[10]PFEP!$A:$E,5,0) -> #N/A | M104: 800006157 | N104: AUTOMETAL | O104: Sao Bernardo Do Campo | P104: SP | Q104: Brasil | R104: 1 | S104: AUTOMETAL-Sao Bernardo Do Campo-SP | T104: 0.625 | U104: 6147 | V104: 120 | W104: 0.592 | X104: 0.395 | Y104: 0.147 | Z104: S | AA104: YES | AB104: 5 | AC104: 3 | AD104: 2 | AE104: Não recebe carreta | AG104: =VLOOKUP(C104,[10]PFEP!$A:$AG,33,0) -> #N/A | AL104: Milk Run | AM104: FIAPE | AN104: Não | AR104: SP | AS104: 3985506000195 | AT104: 16701716003686 | AU104: Volume | AW104: =A104&B104&M104&T104&AS104&AT104&AR104&AL104 -> FIAPEWEEK 018000061570,625398550600019516701716003686SPMilk Run | AX104: =COUNTIF('Suppliers DB'!AL:AL,AW104) -> 1 | AY104: =COUNT(F104:K104) -> 0 | AZ104: =COUNT(AF104:AK104) -> 0 | BA104: =IF(AL104="",0,1) -> 1 | BB104: =C104&M104 -> 1002486410800006157 | BC104: =IF(AND(AL104="Milk Run",T104="_"),"Colocar Janela",0) -> 0
A105: FIAPE | B105: WEEK 01 | C105: 1002529520 | D105: SIGLA MODELO INC | E105: 0.2 | G105: =VLOOKUP(C105,[10]PFEP!$A:$E,5,0) -> #N/A | M105: 800006157 | N105: AUTOMETAL | O105: Sao Bernardo Do Campo | P105: SP | Q105: Brasil | R105: 1 | S105: AUTOMETAL-Sao Bernardo Do Campo-SP | T105: 0.625 | U105: 6147 | V105: 120 | W105: 0.592 | X105: 0.395 | Y105: 0.147 | Z105: S | AA105: YES | AB105: 5 | AC105: 3 | AD105: 2 | AE105: Não recebe carreta | AG105: =VLOOKUP(C105,[10]PFEP!$A:$AG,33,0) -> #N/A | AL105: Milk Run | AM105: FIAPE | AN105: Não | AR105: SP | AS105: 3985506000195 | AT105: 16701716003686 | AU105: Volume | AW105: =A105&B105&M105&T105&AS105&AT105&AR105&AL105 -> FIAPEWEEK 018000061570,625398550600019516701716003686SPMilk Run | AX105: =COUNTIF('Suppliers DB'!AL:AL,AW105) -> 1 | AY105: =COUNT(F105:K105) -> 0 | AZ105: =COUNT(AF105:AK105) -> 0 | BA105: =IF(AL105="",0,1) -> 1 | BB105: =C105&M105 -> 1002529520800006157 | BC105: =IF(AND(AL105="Milk Run",T105="_"),"Colocar Janela",0) -> 0
A106: FIAPE | B106: WEEK 01 | C106: 1002676410 | D106: SIGLA VERSAO INC. | E106: 0.06 | G106: =VLOOKUP(C106,[10]PFEP!$A:$E,5,0) -> #N/A | M106: 800006157 | N106: AUTOMETAL | O106: Sao Bernardo Do Campo | P106: SP | Q106: Brasil | R106: 1 | S106: AUTOMETAL-Sao Bernardo Do Campo-SP | T106: 0.625 | U106: 6147 | V106: 235 | W106: 0.592 | X106: 0.395 | Y106: 0.147 | Z106: S | AA106: YES | AB106: 5 | AC106: 3 | AD106: 2 | AE106: Não recebe carreta | AG106: =VLOOKUP(C106,[10]PFEP!$A:$AG,33,0) -> #N/A | AL106: Milk Run | AM106: FIAPE | AN106: Não | AR106: SP | AS106: 3985506000195 | AT106: 16701716003686 | AU106: Volume | AW106: =A106&B106&M106&T106&AS106&AT106&AR106&AL106 -> FIAPEWEEK 018000061570,625398550600019516701716003686SPMilk Run | AX106: =COUNTIF('Suppliers DB'!AL:AL,AW106) -> 1 | AY106: =COUNT(F106:K106) -> 0 | AZ106: =COUNT(AF106:AK106) -> 0 | BA106: =IF(AL106="",0,1) -> 1 | BB106: =C106&M106 -> 1002676410800006157 | BC106: =IF(AND(AL106="Milk Run",T106="_"),"Colocar Janela",0) -> 0
A107: FIAPE | B107: WEEK 01 | C107: 501484320 | D107: COXIM ELASTICO P/SUSPENSAO POST. | E107: 1.02 | G107: =VLOOKUP(C107,[10]PFEP!$A:$E,5,0) -> 0 | M107: 800027551 | N107: BASF | O107: Guarulhos | P107: SP | Q107: Brasil | R107: 1 | S107: BASF-Guarulhos-SP | T107: 0.625 | U107: 4201 | V107: 400 | W107: 1 | X107: 1.2 | Y107: 0.86 | Z107: S | AA107: NO | AB107: 1 | AC107: 1 | AD107: 60 | AG107: =VLOOKUP(C107,[10]PFEP!$A:$AG,33,0) -> 0 | AL107: Milk Run | AM107: FIAPE | AN107: Não | AR107: SP | AS107: 48539407009174 | AT107: 16701716003686 | AU107: Volume | AW107: =A107&B107&M107&T107&AS107&AT107&AR107&AL107 -> FIAPEWEEK 018000275510,6254853940700917416701716003686SPMilk Run | AX107: =COUNTIF('Suppliers DB'!AL:AL,AW107) -> 1 | AY107: =COUNT(F107:K107) -> 1 | AZ107: =COUNT(AF107:AK107) -> 1 | BA107: =IF(AL107="",0,1) -> 1 | BB107: =C107&M107 -> 501484320800027551 | BC107: =IF(AND(AL107="Milk Run",T107="_"),"Colocar Janela",0) -> 0
A108: FIAPE | B108: WEEK 01 | C108: 501484370 | D108: COXIM ELASTICO P/SUSPENSAO POST. | E108: 1.02 | G108: =VLOOKUP(C108,[10]PFEP!$A:$E,5,0) -> 0 | M108: 800027551 | N108: BASF | O108: Guarulhos | P108: SP | Q108: Brasil | R108: 1 | S108: BASF-Guarulhos-SP | T108: 0.625 | U108: 4201 | V108: 400 | W108: 1 | X108: 1.2 | Y108: 0.86 | Z108: S | AA108: NO | AB108: 1 | AC108: 1 | AD108: 60 | AG108: =VLOOKUP(C108,[10]PFEP!$A:$AG,33,0) -> 0 | AL108: Milk Run | AM108: FIAPE | AN108: Não | AR108: SP | AS108: 48539407009174 | AT108: 16701716003686 | AU108: Volume | AW108: =A108&B108&M108&T108&AS108&AT108&AR108&AL108 -> FIAPEWEEK 018000275510,6254853940700917416701716003686SPMilk Run | AX108: =COUNTIF('Suppliers DB'!AL:AL,AW108) -> 1 | AY108: =COUNT(F108:K108) -> 1 | AZ108: =COUNT(AF108:AK108) -> 1 | BA108: =IF(AL108="",0,1) -> 1 | BB108: =C108&M108 -> 501484370800027551 | BC108: =IF(AND(AL108="Milk Run",T108="_"),"Colocar Janela",0) -> 0
A109: FIAPE | B109: WEEK 01 | C109: 501547970 | D109: COXIM ELASTICO P/SUSPENSAO POST. | E109: 1.02 | G109: =VLOOKUP(C109,[10]PFEP!$A:$E,5,0) -> 0 | M109: 800027551 | N109: BASF | O109: Guarulhos | P109: SP | Q109: Brasil | R109: 1 | S109: BASF-Guarulhos-SP | T109: 0.625 | U109: 4201 | V109: 400 | W109: 1 | X109: 1.2 | Y109: 0.86 | Z109: S | AA109: NO | AB109: 1 | AC109: 1 | AD109: 60 | AG109: =VLOOKUP(C109,[10]PFEP!$A:$AG,33,0) -> 0 | AL109: Milk Run | AM109: FIAPE | AN109: Não | AR109: SP | AS109: 48539407009174 | AT109: 16701716003686 | AU109: Volume | AW109: =A109&B109&M109&T109&AS109&AT109&AR109&AL109 -> FIAPEWEEK 018000275510,6254853940700917416701716003686SPMilk Run | AX109: =COUNTIF('Suppliers DB'!AL:AL,AW109) -> 1 | AY109: =COUNT(F109:K109) -> 1 | AZ109: =COUNT(AF109:AK109) -> 1 | BA109: =IF(AL109="",0,1) -> 1 | BB109: =C109&M109 -> 501547970800027551 | BC109: =IF(AND(AL109="Milk Run",T109="_"),"Colocar Janela",0) -> 0
A110: FIAPE | B110: WEEK 01 | C110: 519399520 | D110: BATENTE AMORTECEDOR SUSPENSAO TRASEIRA | E110: 0.117 | G110: =VLOOKUP(C110,[10]PFEP!$A:$E,5,0) -> 0 | M110: 800027551 | N110: BASF | O110: Guarulhos | P110: SP | Q110: Brasil | R110: 1 | S110: BASF-Guarulhos-SP | T110: 0.625 | U110: 4201 | V110: 1400 | W110: 1 | X110: 1.2 | Y110: 0.86 | Z110: S | AA110: NO | AB110: 1 | AC110: 1 | AD110: 60 | AG110: =VLOOKUP(C110,[10]PFEP!$A:$AG,33,0) -> 0 | AL110: Milk Run | AM110: FIAPE | AN110: Não | AR110: SP | AS110: 48539407009174 | AT110: 16701716003686 | AU110: Volume | AW110: =A110&B110&M110&T110&AS110&AT110&AR110&AL110 -> FIAPEWEEK 018000275510,6254853940700917416701716003686SPMilk Run | AX110: =COUNTIF('Suppliers DB'!AL:AL,AW110) -> 1 | AY110: =COUNT(F110:K110) -> 1 | AZ110: =COUNT(AF110:AK110) -> 1 | BA110: =IF(AL110="",0,1) -> 1 | BB110: =C110&M110 -> 519399520800027551 | BC110: =IF(AND(AL110="Milk Run",T110="_"),"Colocar Janela",0) -> 0
A111: FIAPE | B111: WEEK 01 | C111: 519399540 | D111: BATENTE AMORTECEDOR SUSPENSAO TRASEIRA | E111: 0.099 | G111: =VLOOKUP(C111,[10]PFEP!$A:$E,5,0) -> 0 | M111: 800027551 | N111: BASF | O111: Guarulhos | P111: SP | Q111: Brasil | R111: 1 | S111: BASF-Guarulhos-SP | T111: 0.625 | U111: 4201 | V111: 1400 | W111: 1 | X111: 1.2 | Y111: 0.86 | Z111: S | AA111: NO | AB111: 1 | AC111: 1 | AD111: 60 | AG111: =VLOOKUP(C111,[10]PFEP!$A:$AG,33,0) -> 0 | AL111: Milk Run | AM111: FIAPE | AN111: Não | AR111: SP | AS111: 48539407009174 | AT111: 16701716003686 | AU111: Volume | AW111: =A111&B111&M111&T111&AS111&AT111&AR111&AL111 -> FIAPEWEEK 018000275510,6254853940700917416701716003686SPMilk Run | AX111: =COUNTIF('Suppliers DB'!AL:AL,AW111) -> 1 | AY111: =COUNT(F111:K111) -> 1 | AZ111: =COUNT(AF111:AK111) -> 1 | BA111: =IF(AL111="",0,1) -> 1 | BB111: =C111&M111 -> 519399540800027551 | BC111: =IF(AND(AL111="Milk Run",T111="_"),"Colocar Janela",0) -> 0
A112: FIAPE | B112: WEEK 01 | C112: 519419910 | D112: BATENTE ELASTICO P/ SUSPENSAO DIANTEIRA | E112: 0.074 | G112: =VLOOKUP(C112,[10]PFEP!$A:$E,5,0) -> 0 | M112: 800027551 | N112: BASF | O112: Guarulhos | P112: SP | Q112: Brasil | R112: 1 | S112: BASF-Guarulhos-SP | T112: 0.625 | U112: 4201 | V112: 1400 | W112: 1 | X112: 1.2 | Y112: 0.86 | Z112: S | AA112: NO | AB112: 1 | AC112: 1 | AD112: 60 | AG112: =VLOOKUP(C112,[10]PFEP!$A:$AG,33,0) -> 0 | AL112: Milk Run | AM112: FIAPE | AN112: Não | AR112: SP | AS112: 48539407009174 | AT112: 16701716003686 | AU112: Volume | AW112: =A112&B112&M112&T112&AS112&AT112&AR112&AL112 -> FIAPEWEEK 018000275510,6254853940700917416701716003686SPMilk Run | AX112: =COUNTIF('Suppliers DB'!AL:AL,AW112) -> 1 | AY112: =COUNT(F112:K112) -> 1 | AZ112: =COUNT(AF112:AK112) -> 1 | BA112: =IF(AL112="",0,1) -> 1 | BB112: =C112&M112 -> 519419910800027551 | BC112: =IF(AND(AL112="Milk Run",T112="_"),"Colocar Janela",0) -> 0
A113: FIAPE | B113: WEEK 01 | C113: 519611740 | D113: TAMPAO - BATENTE SUSP. TRAS. | E113: 0.956 | G113: =VLOOKUP(C113,[10]PFEP!$A:$E,5,0) -> 0 | M113: 800027551 | N113: BASF | O113: Guarulhos | P113: SP | Q113: Brasil | R113: 1 | S113: BASF-Guarulhos-SP | T113: 0.625 | U113: 4201 | V113: 400 | W113: 1 | X113: 1.2 | Y113: 0.86 | Z113: S | AA113: NO | AB113: 1 | AC113: 1 | AD113: 60 | AG113: =VLOOKUP(C113,[10]PFEP!$A:$AG,33,0) -> 0 | AL113: Milk Run | AM113: FIAPE | AN113: Não | AR113: SP | AS113: 48539407009174 | AT113: 16701716003686 | AU113: Volume | AW113: =A113&B113&M113&T113&AS113&AT113&AR113&AL113 -> FIAPEWEEK 018000275510,6254853940700917416701716003686SPMilk Run | AX113: =COUNTIF('Suppliers DB'!AL:AL,AW113) -> 1 | AY113: =COUNT(F113:K113) -> 1 | AZ113: =COUNT(AF113:AK113) -> 1 | BA113: =IF(AL113="",0,1) -> 1 | BB113: =C113&M113 -> 519611740800027551 | BC113: =IF(AND(AL113="Milk Run",T113="_"),"Colocar Janela",0) -> 0
A114: FIAPE | B114: WEEK 01 | C114: 520570340 | D114: COXIM ELASTICO SUSPENSAO POSTERIOR | E114: 0.53 | G114: =VLOOKUP(C114,[10]PFEP!$A:$E,5,0) -> 0 | M114: 800027551 | N114: BASF | O114: Guarulhos | P114: SP | Q114: Brasil | R114: 1 | S114: BASF-Guarulhos-SP | T114: 0.625 | U114: 4201 | V114: 400 | W114: 1 | X114: 1.2 | Y114: 0.86 | Z114: S | AA114: NO | AB114: 1 | AC114: 1 | AD114: 60 | AG114: =VLOOKUP(C114,[10]PFEP!$A:$AG,33,0) -> 0 | AL114: Milk Run | AM114: FIAPE | AN114: Não | AR114: SP | AS114: 48539407009174 | AT114: 16701716003686 | AU114: Volume | AW114: =A114&B114&M114&T114&AS114&AT114&AR114&AL114 -> FIAPEWEEK 018000275510,6254853940700917416701716003686SPMilk Run | AX114: =COUNTIF('Suppliers DB'!AL:AL,AW114) -> 1 | AY114: =COUNT(F114:K114) -> 1 | AZ114: =COUNT(AF114:AK114) -> 1 | BA114: =IF(AL114="",0,1) -> 1 | BB114: =C114&M114 -> 520570340800027551 | BC114: =IF(AND(AL114="Milk Run",T114="_"),"Colocar Janela",0) -> 0
A115: FIAPE | B115: WEEK 01 | C115: 520941850 | D115: TAMPAO - BATENTE SUSP. TRAS. | E115: 0.898 | G115: =VLOOKUP(C115,[10]PFEP!$A:$E,5,0) -> #N/A | M115: 800027551 | N115: BASF | O115: Guarulhos | P115: SP | Q115: Brasil | R115: 1 | S115: BASF-Guarulhos-SP | T115: 0.625 | U115: 4201 | V115: 400 | W115: 1 | X115: 1.2 | Y115: 0.86 | Z115: S | AA115: NO | AB115: 1 | AC115: 1 | AD115: 60 | AG115: =VLOOKUP(C115,[10]PFEP!$A:$AG,33,0) -> #N/A | AL115: Milk Run | AM115: FIAPE | AN115: Não | AR115: SP | AS115: 48539407009174 | AT115: 16701716003686 | AU115: Volume | AW115: =A115&B115&M115&T115&AS115&AT115&AR115&AL115 -> FIAPEWEEK 018000275510,6254853940700917416701716003686SPMilk Run | AX115: =COUNTIF('Suppliers DB'!AL:AL,AW115) -> 1 | AY115: =COUNT(F115:K115) -> 0 | AZ115: =COUNT(AF115:AK115) -> 0 | BA115: =IF(AL115="",0,1) -> 1 | BB115: =C115&M115 -> 520941850800027551 | BC115: =IF(AND(AL115="Milk Run",T115="_"),"Colocar Janela",0) -> 0
A116: FIAPE | B116: WEEK 01 | C116: 521966170 | D116: COXIM ELASTICO P/SUSPENSAO POST. | E116: 1.02 | G116: =VLOOKUP(C116,[10]PFEP!$A:$E,5,0) -> 0 | M116: 800027551 | N116: BASF | O116: Guarulhos | P116: SP | Q116: Brasil | R116: 1 | S116: BASF-Guarulhos-SP | T116: 0.625 | U116: 4201 | V116: 400 | W116: 1 | X116: 1.2 | Y116: 0.86 | Z116: S | AA116: NO | AB116: 1 | AC116: 1 | AD116: 60 | AG116: =VLOOKUP(C116,[10]PFEP!$A:$AG,33,0) -> 0 | AL116: Milk Run | AM116: FIAPE | AN116: Não | AR116: SP | AS116: 48539407009174 | AT116: 16701716003686 | AU116: Volume | AW116: =A116&B116&M116&T116&AS116&AT116&AR116&AL116 -> FIAPEWEEK 018000275510,6254853940700917416701716003686SPMilk Run | AX116: =COUNTIF('Suppliers DB'!AL:AL,AW116) -> 1 | AY116: =COUNT(F116:K116) -> 1 | AZ116: =COUNT(AF116:AK116) -> 1 | BA116: =IF(AL116="",0,1) -> 1 | BB116: =C116&M116 -> 521966170800027551 | BC116: =IF(AND(AL116="Milk Run",T116="_"),"Colocar Janela",0) -> 0
A117: FIAPE | B117: WEEK 01 | C117: 522130140 | D117: BATENTE SUSP. TRAS. | E117: 0.0003 | G117: =VLOOKUP(C117,[10]PFEP!$A:$E,5,0) -> 0 | M117: 800027551 | N117: BASF | O117: Guarulhos | P117: SP | Q117: Brasil | R117: 1 | S117: BASF-Guarulhos-SP | T117: 0.625 | U117: 4201 | V117: 300 | W117: 1.01 | X117: 1.2 | Y117: 0.86 | Z117: S | AA117: NO | AB117: 1 | AC117: 1 | AD117: 60 | AG117: =VLOOKUP(C117,[10]PFEP!$A:$AG,33,0) -> 0 | AL117: Milk Run | AM117: FIAPE | AN117: Não | AR117: SP | AS117: 48539407009174 | AT117: 16701716003686 | AU117: Volume | AW117: =A117&B117&M117&T117&AS117&AT117&AR117&AL117 -> FIAPEWEEK 018000275510,6254853940700917416701716003686SPMilk Run | AX117: =COUNTIF('Suppliers DB'!AL:AL,AW117) -> 1 | AY117: =COUNT(F117:K117) -> 1 | AZ117: =COUNT(AF117:AK117) -> 1 | BA117: =IF(AL117="",0,1) -> 1 | BB117: =C117&M117 -> 522130140800027551 | BC117: =IF(AND(AL117="Milk Run",T117="_"),"Colocar Janela",0) -> 0
A118: FIAPE | B118: WEEK 01 | C118: 534256350 | D118: COXIM ELASTICO P/SUSPENSAO POST | E118: 1.02 | G118: =VLOOKUP(C118,[10]PFEP!$A:$E,5,0) -> #N/A | M118: 800027551 | N118: BASF | O118: Guarulhos | P118: SP | Q118: Brasil | R118: 1 | S118: BASF-Guarulhos-SP | T118: 0.625 | U118: 4201 | V118: 400 | W118: 1 | X118: 1.2 | Y118: 0.86 | Z118: S | AA118: NO | AB118: 1 | AC118: 1 | AD118: 60 | AG118: =VLOOKUP(C118,[10]PFEP!$A:$AG,33,0) -> #N/A | AL118: Milk Run | AM118: FIAPE | AN118: Não | AR118: SP | AS118: 48539407009174 | AT118: 16701716003686 | AU118: Volume | AW118: =A118&B118&M118&T118&AS118&AT118&AR118&AL118 -> FIAPEWEEK 018000275510,6254853940700917416701716003686SPMilk Run | AX118: =COUNTIF('Suppliers DB'!AL:AL,AW118) -> 1 | AY118: =COUNT(F118:K118) -> 0 | AZ118: =COUNT(AF118:AK118) -> 0 | BA118: =IF(AL118="",0,1) -> 1 | BB118: =C118&M118 -> 534256350800027551 | BC118: =IF(AND(AL118="Milk Run",T118="_"),"Colocar Janela",0) -> 0
... A122: FIAPE | B122: WEEK 01 | C122: 534897910 | D122: COXIM ELASTICO P/SUSPENSAO POST. | E122: 1.02 | G122: =VLOOKUP(C122,[10]PFEP!$A:$E,5,0) -> 0 | M122: 800027551 | N122: BASF | O122: Guarulhos | P122: SP | Q122: Brasil | R122: 1 | S122: BASF-Guarulhos-SP | T122: 0.625 | U122: 4201 | V122: 400 | W122: 1 | X122: 1.2 | Y122: 0.86 | Z122: S | AA122: NO | AB122: 1 | AC122: 1 | AD122: 60 | AG122: =VLOOKUP(C122,[10]PFEP!$A:$AG,33,0) -> 0 | AL122: Milk Run | AM122: FIAPE | AN122: Não | AR122: SP | AS122: 48539407009174 | AT122: 16701716003686 | AU122: Volume | AW122: =A122&B122&M122&T122&AS122&AT122&AR122&AL122 -> FIAPEWEEK 018000275510,6254853940700917416701716003686SPMilk Run | AX122: =COUNTIF('Suppliers DB'!AL:AL,AW122) -> 1 | AY122: =COUNT(F122:K122) -> 1 | AZ122: =COUNT(AF122:AK122) -> 1 | BA122: =IF(AL122="",0,1) -> 1 | BB122: =C122&M122 -> 534897910800027551 | BC122: =IF(AND(AL122="Milk Run",T122="_"),"Colocar Janela",0) -> 0
A123: FIAPE | B123: WEEK 01 | C123: 519602350 | D123: CERAMICA CATALITICA | E123: 1 | G123: =VLOOKUP(C123,[10]PFEP!$A:$E,5,0) -> 0 | M123: 800008407 | N123: BASF | O123: Indaiatuba | P123: SP | Q123: Brasil | R123: 1 | S123: BASF-Indaiatuba-SP | T123: 0.58333333 | U123: 6280 | V123: 8 | W123: 0.595 | X123: 0.395 | Y123: 0.28 | Z123: S | AA123: YES | AB123: 5 | AC123: 4 | AD123: 2.67 | AE123: Não recebe carreta | Apenas Veículos do tipo Sider | AG123: =VLOOKUP(C123,[10]PFEP!$A:$AG,33,0) -> 0 | AL123: Milk Run | AM123: FIAPE | AN123: Não | AR123: SP | AS123: 48539407002919 | AT123: 16701716003686 | AU123: Volume | AW123: =A123&B123&M123&T123&AS123&AT123&AR123&AL123 -> FIAPEWEEK 018000084070,5833333333333334853940700291916701716003686SPMilk Run | AX123: =COUNTIF('Suppliers DB'!AL:AL,AW123) -> 1 | AY123: =COUNT(F123:K123) -> 1 | AZ123: =COUNT(AF123:AK123) -> 1 | BA123: =IF(AL123="",0,1) -> 1 | BB123: =C123&M123 -> 519602350800008407 | BC123: =IF(AND(AL123="Milk Run",T123="_"),"Colocar Janela",0) -> 0
A124: FIAPE | B124: WEEK 01 | C124: 520111790 | D124: REFORCO LONGARINA ANTERIOR DIREITO | E124: 0.3941 | G124: =VLOOKUP(C124,[10]PFEP!$A:$E,5,0) -> 0 | M124: 800028796a | N124: BENTELER MR | O124: Campinas | P124: SP | Q124: Brasil | R124: 1 | S124: BENTELER MR-Campinas-SP | T124: 0.875 | U124: 4710 | V124: 1000 | W124: 1.2 | X124: 0.8 | Y124: 0.75 | Z124: S | AA124: NO | AB124: 1 | AC124: 1 | AD124: 125 | AG124: =VLOOKUP(C124,[10]PFEP!$A:$AG,33,0) -> 0 | AL124: Milk Run | AM124: FIAPE | AN124: Não | AR124: SP | AS124: 853157000160 | AT124: 16701716003686 | AU124: Volume | AW124: =A124&B124&M124&T124&AS124&AT124&AR124&AL124 -> FIAPEWEEK 01800028796a0,87585315700016016701716003686SPMilk Run | AX124: =COUNTIF('Suppliers DB'!AL:AL,AW124) -> 1 | AY124: =COUNT(F124:K124) -> 1 | AZ124: =COUNT(AF124:AK124) -> 1 | BA124: =IF(AL124="",0,1) -> 1 | BB124: =C124&M124 -> 520111790800028796a | BC124: =IF(AND(AL124="Milk Run",T124="_"),"Colocar Janela",0) -> 0
A125: FIAPE | B125: WEEK 01 | C125: 520111800 | D125: REFORCO LONGARINA DIANTEIRA ESQ. | E125: 0.3924 | G125: =VLOOKUP(C125,[10]PFEP!$A:$E,5,0) -> 0 | M125: 800028796a | N125: BENTELER MR | O125: Campinas | P125: SP | Q125: Brasil | R125: 1 | S125: BENTELER MR-Campinas-SP | T125: 0.875 | U125: 4710 | V125: 1000 | W125: 1.2 | X125: 0.8 | Y125: 0.75 | Z125: S | AA125: NO | AB125: 1 | AC125: 1 | AD125: 125 | AG125: =VLOOKUP(C125,[10]PFEP!$A:$AG,33,0) -> 0 | AL125: Milk Run | AM125: FIAPE | AN125: Não | AR125: SP | AS125: 853157000160 | AT125: 16701716003686 | AU125: Volume | AW125: =A125&B125&M125&T125&AS125&AT125&AR125&AL125 -> FIAPEWEEK 01800028796a0,87585315700016016701716003686SPMilk Run | AX125: =COUNTIF('Suppliers DB'!AL:AL,AW125) -> 1 | AY125: =COUNT(F125:K125) -> 1 | AZ125: =COUNT(AF125:AK125) -> 1 | BA125: =IF(AL125="",0,1) -> 1 | BB125: =C125&M125 -> 520111800800028796a | BC125: =IF(AND(AL125="Milk Run",T125="_"),"Colocar Janela",0) -> 0
A126: FIAPE | B126: WEEK 01 | C126: 519725220 | D126: MONTANTE PASSARODA ESQUERDO | E126: 1.965 | G126: =VLOOKUP(C126,[10]PFEP!$A:$E,5,0) -> 0 | M126: 800028796a | N126: BENTELER PMC CMA | O126: Campinas | P126: SP | Q126: Brasil | R126: 1 | S126: BENTELER PMC CMA-Campinas-SP | T126: 0.875 | U126: 500 | V126: 1.6 | W126: 1.2 | X126: 0.75 | Z126: S | AA126: NO | AB126: 1 | AC126: 1 | AD126: 218 | AG126: =VLOOKUP(C126,[10]PFEP!$A:$AG,33,0) -> 0 | AL126: Milk Run | AM126: FIAPE | AN126: Não | AR126: SP | AS126: 853157000160 | AT126: 16701716003686 | AU126: Volume | AW126: =A126&B126&M126&T126&AS126&AT126&AR126&AL126 -> FIAPEWEEK 01800028796a0,87585315700016016701716003686SPMilk Run | AX126: =COUNTIF('Suppliers DB'!AL:AL,AW126) -> 1 | AY126: =COUNT(F126:K126) -> 1 | AZ126: =COUNT(AF126:AK126) -> 1 | BA126: =IF(AL126="",0,1) -> 1 | BB126: =C126&M126 -> 519725220800028796a | BC126: =IF(AND(AL126="Milk Run",T126="_"),"Colocar Janela",0) -> 0
A127: FIAPE | B127: WEEK 01 | C127: 519725610 | D127: MONTANTE PASSARODA DIREITO | E127: 1.98 | G127: =VLOOKUP(C127,[10]PFEP!$A:$E,5,0) -> 0 | M127: 800028796a | N127: BENTELER PMC CMA | O127: Campinas | P127: SP | Q127: Brasil | R127: 1 | S127: BENTELER PMC CMA-Campinas-SP | T127: 0.875 | U127: 500 | V127: 1.6 | W127: 1.2 | X127: 0.75 | Z127: S | AA127: NO | AB127: 1 | AC127: 1 | AD127: 218 | AG127: =VLOOKUP(C127,[10]PFEP!$A:$AG,33,0) -> 0 | AL127: Milk Run | AM127: FIAPE | AN127: Não | AR127: SP | AS127: 853157000160 | AT127: 16701716003686 | AU127: Volume | AW127: =A127&B127&M127&T127&AS127&AT127&AR127&AL127 -> FIAPEWEEK 01800028796a0,87585315700016016701716003686SPMilk Run | AX127: =COUNTIF('Suppliers DB'!AL:AL,AW127) -> 1 | AY127: =COUNT(F127:K127) -> 1 | AZ127: =COUNT(AF127:AK127) -> 1 | BA127: =IF(AL127="",0,1) -> 1 | BB127: =C127&M127 -> 519725610800028796a | BC127: =IF(AND(AL127="Milk Run",T127="_"),"Colocar Janela",0) -> 0
A128: FIAPE | B128: WEEK 01 | C128: 77651390 | D128: REBITE FIXACAO PARACHOQUE | E128: 0.008 | G128: =VLOOKUP(C128,[10]PFEP!$A:$E,5,0) -> 0 | M128: 800006653 | N128: BOLLHOFF SERVICE | O128: Jundiai | P128: SP | Q128: Brasil | R128: 1 | S128: BOLLHOFF SERVICE-Jundiai-SP | T128: 0.58333333 | U128: 3147 | V128: 700 | W128: 0.298 | X128: 0.198 | Y128: 0.147 | Z128: S | AA128: YES | AB128: 20 | AC128: 3 | AD128: 0.6 | AG128: =VLOOKUP(C128,[10]PFEP!$A:$AG,33,0) -> 0 | AL128: Milk Run | AM128: FIAPE | AN128: Não | AR128: SP | AS128: 57879843000127 | AT128: 16701716003686 | AU128: Volume | AW128: =A128&B128&M128&T128&AS128&AT128&AR128&AL128 -> FIAPEWEEK 018000066530,5833333333333335787984300012716701716003686SPMilk Run | AX128: =COUNTIF('Suppliers DB'!AL:AL,AW128) -> 1 | AY128: =COUNT(F128:K128) -> 1 | AZ128: =COUNT(AF128:AK128) -> 1 | BA128: =IF(AL128="",0,1) -> 1 | BB128: =C128&M128 -> 77651390800006653 | BC128: =IF(AND(AL128="Milk Run",T128="_"),"Colocar Janela",0) -> 0
A129: FIAPE | B129: WEEK 01 | C129: 151803110 | D129: REBITE HEX. CEGO M5X18 | E129: 0.006 | G129: =VLOOKUP(C129,[10]PFEP!$A:$E,5,0) -> 0 | M129: 800006653 | N129: BOLLHOFF SERVICE | O129: Jundiai | P129: SP | Q129: Brasil | R129: 1 | S129: BOLLHOFF SERVICE-Jundiai-SP | T129: 0.58333333 | U129: 3147 | V129: 2500 | W129: 0.298 | X129: 0.198 | Y129: 0.147 | Z129: S | AA129: YES | AB129: 20 | AC129: 3 | AD129: 0.6 | AG129: =VLOOKUP(C129,[10]PFEP!$A:$AG,33,0) -> 0 | AL129: Milk Run | AM129: FIAPE | AN129: Não | AR129: SP | AS129: 57879843000127 | AT129: 16701716003686 | AU129: Volume | AW129: =A129&B129&M129&T129&AS129&AT129&AR129&AL129 -> FIAPEWEEK 018000066530,5833333333333335787984300012716701716003686SPMilk Run | AX129: =COUNTIF('Suppliers DB'!AL:AL,AW129) -> 1 | AY129: =COUNT(F129:K129) -> 1 | AZ129: =COUNT(AF129:AK129) -> 1 | BA129: =IF(AL129="",0,1) -> 1 | BB129: =C129&M129 -> 151803110800006653 | BC129: =IF(AND(AL129="Milk Run",T129="_"),"Colocar Janela",0) -> 0
A130: FIAPE | B130: WEEK 01 | C130: 156243110 | D130: REBITE | E130: 0.007 | G130: =VLOOKUP(C130,[10]PFEP!$A:$E,5,0) -> 0 | M130: 800006653 | N130: BOLLHOFF SERVICE | O130: Jundiai | P130: SP | Q130: Brasil | R130: 1 | S130: BOLLHOFF SERVICE-Jundiai-SP | T130: 0.58333333 | U130: 3147 | V130: 3000 | W130: 0.298 | X130: 0.198 | Y130: 0.147 | Z130: S | AA130: YES | AB130: 20 | AC130: 3 | AD130: 0.6 | AG130: =VLOOKUP(C130,[10]PFEP!$A:$AG,33,0) -> 0 | AL130: Milk Run | AM130: FIAPE | AN130: Não | AR130: SP | AS130: 57879843000127 | AT130: 16701716003686 | AU130: Volume | AW130: =A130&B130&M130&T130&AS130&AT130&AR130&AL130 -> FIAPEWEEK 018000066530,5833333333333335787984300012716701716003686SPMilk Run | AX130: =COUNTIF('Suppliers DB'!AL:AL,AW130) -> 1 | AY130: =COUNT(F130:K130) -> 1 | AZ130: =COUNT(AF130:AK130) -> 1 | BA130: =IF(AL130="",0,1) -> 1 | BB130: =C130&M130 -> 156243110800006653 | BC130: =IF(AND(AL130="Milk Run",T130="_"),"Colocar Janela",0) -> 0
A131: FIAPE | B131: WEEK 01 | C131: 156244110 | D131: REBITE EF/TC M6X1644110 | E131: 0.01 | G131: =VLOOKUP(C131,[10]PFEP!$A:$E,5,0) -> 0 | M131: 800006653 | N131: BOLLHOFF SERVICE | O131: Jundiai | P131: SP | Q131: Brasil | R131: 1 | S131: BOLLHOFF SERVICE-Jundiai-SP | T131: 0.58333333 | U131: 3147 | V131: 1500 | W131: 0.298 | X131: 0.198 | Y131: 0.147 | Z131: S | AA131: YES | AB131: 20 | AC131: 3 | AD131: 0.6 | AG131: =VLOOKUP(C131,[10]PFEP!$A:$AG,33,0) -> 0 | AL131: Milk Run | AM131: FIAPE | AN131: Não | AR131: SP | AS131: 57879843000127 | AT131: 16701716003686 | AU131: Volume | AW131: =A131&B131&M131&T131&AS131&AT131&AR131&AL131 -> FIAPEWEEK 018000066530,5833333333333335787984300012716701716003686SPMilk Run | AX131: =COUNTIF('Suppliers DB'!AL:AL,AW131) -> 1 | AY131: =COUNT(F131:K131) -> 1 | AZ131: =COUNT(AF131:AK131) -> 1 | BA131: =IF(AL131="",0,1) -> 1 | BB131: =C131&M131 -> 156244110800006653 | BC131: =IF(AND(AL131="Milk Run",T131="_"),"Colocar Janela",0) -> 0
A132: FIAPE | B132: WEEK 01 | C132: 156245110 | D132: REBITE EF/TC M8X17 | E132: 0.006 | G132: =VLOOKUP(C132,[10]PFEP!$A:$E,5,0) -> 0 | M132: 800006653 | N132: BOLLHOFF SERVICE | O132: Jundiai | P132: SP | Q132: Brasil | R132: 1 | S132: BOLLHOFF SERVICE-Jundiai-SP | T132: 0.58333333 | U132: 3147 | V132: 1000 | W132: 0.3 | X132: 0.2 | Y132: 0.15 | Z132: S | AA132: YES | AB132: 20 | AC132: 3 | AD132: 0.6 | AG132: =VLOOKUP(C132,[10]PFEP!$A:$AG,33,0) -> 0 | AL132: Milk Run | AM132: FIAPE | AN132: Não | AR132: SP | AS132: 57879843000127 | AT132: 16701716003686 | AU132: Volume | AW132: =A132&B132&M132&T132&AS132&AT132&AR132&AL132 -> FIAPEWEEK 018000066530,5833333333333335787984300012716701716003686SPMilk Run | AX132: =COUNTIF('Suppliers DB'!AL:AL,AW132) -> 1 | AY132: =COUNT(F132:K132) -> 1 | AZ132: =COUNT(AF132:AK132) -> 1 | BA132: =IF(AL132="",0,1) -> 1 | BB132: =C132&M132 -> 156245110800006653 | BC132: =IF(AND(AL132="Milk Run",T132="_"),"Colocar Janela",0) -> 0
A133: FIAPE | B133: WEEK 01 | C133: 500514040 | D133: PARAFUSO | E133: 0.01 | G133: =VLOOKUP(C133,[10]PFEP!$A:$E,5,0) -> 0 | M133: 800006653 | N133: BOLLHOFF SERVICE | O133: Jundiai | P133: SP | Q133: Brasil | R133: 1 | S133: BOLLHOFF SERVICE-Jundiai-SP | T133: 0.58333333 | U133: 3147 | V133: 300 | W133: 0.298 | X133: 0.198 | Y133: 0.147 | Z133: S | AA133: YES | AB133: 20 | AC133: 3 | AD133: 0.6 | AG133: =VLOOKUP(C133,[10]PFEP!$A:$AG,33,0) -> 0 | AL133: Milk Run | AM133: FIAPE | AN133: Não | AR133: SP | AS133: 57879843000127 | AT133: 16701716003686 | AU133: Volume | AW133: =A133&B133&M133&T133&AS133&AT133&AR133&AL133 -> FIAPEWEEK 018000066530,5833333333333335787984300012716701716003686SPMilk Run | AX133: =COUNTIF('Suppliers DB'!AL:AL,AW133) -> 1 | AY133: =COUNT(F133:K133) -> 1 | AZ133: =COUNT(AF133:AK133) -> 1 | BA133: =IF(AL133="",0,1) -> 1 | BB133: =C133&M133 -> 500514040800006653 | BC133: =IF(AND(AL133="Milk Run",T133="_"),"Colocar Janela",0) -> 0
A134: FIAPE | B134: WEEK 01 | C134: 500514050 | D134: PINO ROSCADO | E134: 0.011 | G134: =VLOOKUP(C134,[10]PFEP!$A:$E,5,0) -> 0 | M134: 800006653 | N134: BOLLHOFF SERVICE | O134: Jundiai | P134: SP | Q134: Brasil | R134: 1 | S134: BOLLHOFF SERVICE-Jundiai-SP | T134: 0.58333333 | U134: 3147 | V134: 250 | W134: 0.298 | X134: 0.198 | Y134: 0.147 | Z134: S | AA134: YES | AB134: 20 | AC134: 3 | AD134: 0.6 | AG134: =VLOOKUP(C134,[10]PFEP!$A:$AG,33,0) -> 0 | AL134: Milk Run | AM134: FIAPE | AN134: Não | AR134: SP | AS134: 57879843000127 | AT134: 16701716003686 | AU134: Volume | AW134: =A134&B134&M134&T134&AS134&AT134&AR134&AL134 -> FIAPEWEEK 018000066530,5833333333333335787984300012716701716003686SPMilk Run | AX134: =COUNTIF('Suppliers DB'!AL:AL,AW134) -> 1 | AY134: =COUNT(F134:K134) -> 1 | AZ134: =COUNT(AF134:AK134) -> 1 | BA134: =IF(AL134="",0,1) -> 1 | BB134: =C134&M134 -> 500514050800006653 | BC134: =IF(AND(AL134="Milk Run",T134="_"),"Colocar Janela",0) -> 0
A135: FIAPE | B135: WEEK 01 | C135: 517386190 | D135: REBITE | E135: 0.007 | G135: =VLOOKUP(C135,[10]PFEP!$A:$E,5,0) -> 0 | M135: 800006653 | N135: BOLLHOFF SERVICE | O135: Jundiai | P135: SP | Q135: Brasil | R135: 1 | S135: BOLLHOFF SERVICE-Jundiai-SP | T135: 0.58333333 | U135: 3147 | V135: 1200 | W135: 0.298 | X135: 0.198 | Y135: 0.147 | Z135: S | AA135: YES | AB135: 20 | AC135: 3 | AD135: 0.6 | AG135: =VLOOKUP(C135,[10]PFEP!$A:$AG,33,0) -> 0 | AL135: Milk Run | AM135: FIAPE | AN135: Não | AR135: SP | AS135: 57879843000127 | AT135: 16701716003686 | AU135: Volume | AW135: =A135&B135&M135&T135&AS135&AT135&AR135&AL135 -> FIAPEWEEK 018000066530,5833333333333335787984300012716701716003686SPMilk Run | AX135: =COUNTIF('Suppliers DB'!AL:AL,AW135) -> 1 | AY135: =COUNT(F135:K135) -> 1 | AZ135: =COUNT(AF135:AK135) -> 1 | BA135: =IF(AL135="",0,1) -> 1 | BB135: =C135&M135 -> 517386190800006653 | BC135: =IF(AND(AL135="Milk Run",T135="_"),"Colocar Janela",0) -> 0
A136: FIAPE | B136: WEEK 01 | C136: 517526270 | D136: REBITE FIXACAO CACAMBA | E136: 0.008 | G136: =VLOOKUP(C136,[10]PFEP!$A:$E,5,0) -> 0 | M136: 800006653 | N136: BOLLHOFF SERVICE | O136: Jundiai | P136: SP | Q136: Brasil | R136: 1 | S136: BOLLHOFF SERVICE-Jundiai-SP | T136: 0.58333333 | U136: 3147 | V136: 2000 | W136: 0.298 | X136: 0.198 | Y136: 0.147 | Z136: S | AA136: YES | AB136: 20 | AC136: 3 | AD136: 0.6 | AG136: =VLOOKUP(C136,[10]PFEP!$A:$AG,33,0) -> 0 | AL136: Milk Run | AM136: FIAPE | AN136: Não | AR136: SP | AS136: 57879843000127 | AT136: 16701716003686 | AU136: Volume | AW136: =A136&B136&M136&T136&AS136&AT136&AR136&AL136 -> FIAPEWEEK 018000066530,5833333333333335787984300012716701716003686SPMilk Run | AX136: =COUNTIF('Suppliers DB'!AL:AL,AW136) -> 1 | AY136: =COUNT(F136:K136) -> 1 | AZ136: =COUNT(AF136:AK136) -> 1 | BA136: =IF(AL136="",0,1) -> 1 | BB136: =C136&M136 -> 517526270800006653 | BC136: =IF(AND(AL136="Milk Run",T136="_"),"Colocar Janela",0) -> 0
A137: FIAPE | B137: WEEK 01 | C137: 519365880 | D137: REBITE CEGO M6X29 | E137: 0.008 | G137: =VLOOKUP(C137,[10]PFEP!$A:$E,5,0) -> 0 | M137: 800006653 | N137: BOLLHOFF SERVICE | O137: Jundiai | P137: SP | Q137: Brasil | R137: 1 | S137: BOLLHOFF SERVICE-Jundiai-SP | T137: 0.58333333 | U137: 3147 | V137: 1500 | W137: 0.3 | X137: 0.2 | Y137: 0.15 | Z137: S | AA137: YES | AB137: 20 | AC137: 3 | AD137: 0.6 | AG137: =VLOOKUP(C137,[10]PFEP!$A:$AG,33,0) -> 0 | AL137: Milk Run | AM137: FIAPE | AN137: Não | AR137: SP | AS137: 57879843000127 | AT137: 16701716003686 | AU137: Volume | AW137: =A137&B137&M137&T137&AS137&AT137&AR137&AL137 -> FIAPEWEEK 018000066530,5833333333333335787984300012716701716003686SPMilk Run | AX137: =COUNTIF('Suppliers DB'!AL:AL,AW137) -> 1 | AY137: =COUNT(F137:K137) -> 1 | AZ137: =COUNT(AF137:AK137) -> 1 | BA137: =IF(AL137="",0,1) -> 1 | BB137: =C137&M137 -> 519365880800006653 | BC137: =IF(AND(AL137="Milk Run",T137="_"),"Colocar Janela",0) -> 0
A138: FIAPE | B138: WEEK 01 | C138: 521574140 | D138: REBITE | E138: 0.007 | G138: =VLOOKUP(C138,[10]PFEP!$A:$E,5,0) -> 0 | M138: 800006653 | N138: BOLLHOFF SERVICE | O138: Jundiai | P138: SP | Q138: Brasil | R138: 1 | S138: BOLLHOFF SERVICE-Jundiai-SP | T138: 0.58333333 | U138: 3147 | V138: 2000 | W138: 0.298 | X138: 0.198 | Y138: 0.147 | Z138: S | AA138: YES | AB138: 20 | AC138: 3 | AD138: 0.6 | AG138: =VLOOKUP(C138,[10]PFEP!$A:$AG,33,0) -> 0 | AL138: Milk Run | AM138: FIAPE | AN138: Não | AR138: SP | AS138: 57879843000127 | AT138: 16701716003686 | AU138: Volume | AW138: =A138&B138&M138&T138&AS138&AT138&AR138&AL138 -> FIAPEWEEK 018000066530,5833333333333335787984300012716701716003686SPMilk Run | AX138: =COUNTIF('Suppliers DB'!AL:AL,AW138) -> 1 | AY138: =COUNT(F138:K138) -> 1 | AZ138: =COUNT(AF138:AK138) -> 1 | BA138: =IF(AL138="",0,1) -> 1 | BB138: =C138&M138 -> 521574140800006653 | BC138: =IF(AND(AL138="Milk Run",T138="_"),"Colocar Janela",0) -> 0
A139: FIAPE | B139: WEEK 01 | C139: 521574270 | D139: REBITE HEXAGONAL COM ROSCA INTERNA | E139: 0.006 | G139: =VLOOKUP(C139,[10]PFEP!$A:$E,5,0) -> 0 | M139: 800006653 | N139: BOLLHOFF SERVICE | O139: Jundiai | P139: SP | Q139: Brasil | R139: 1 | S139: BOLLHOFF SERVICE-Jundiai-SP | T139: 0.58333333 | U139: 3147 | V139: 400 | W139: 0.3 | X139: 0.2 | Y139: 0.15 | Z139: S | AA139: YES | AB139: 20 | AC139: 3 | AD139: 0.6 | AG139: =VLOOKUP(C139,[10]PFEP!$A:$AG,33,0) -> 0 | AL139: Milk Run | AM139: FIAPE | AN139: Não | AR139: SP | AS139: 57879843000127 | AT139: 16701716003686 | AU139: Volume | AW139: =A139&B139&M139&T139&AS139&AT139&AR139&AL139 -> FIAPEWEEK 018000066530,5833333333333335787984300012716701716003686SPMilk Run | AX139: =COUNTIF('Suppliers DB'!AL:AL,AW139) -> 1 | AY139: =COUNT(F139:K139) -> 1 | AZ139: =COUNT(AF139:AK139) -> 1 | BA139: =IF(AL139="",0,1) -> 1 | BB139: =C139&M139 -> 521574270800006653 | BC139: =IF(AND(AL139="Milk Run",T139="_"),"Colocar Janela",0) -> 0
... A146: FIAPE | B146: WEEK 01 | C146: 1002686830 | D146: CJ. SOBRETAPETE | E146: 0.031 | G146: =VLOOKUP(C146,[10]PFEP!$A:$E,5,0) -> #N/A | M146: 800036757 | N146: BORKAR | O146: Itapecerica da Serra | P146: SP | Q146: Brasil | R146: 1 | S146: BORKAR-Itapecerica da Serra-SP | T146: 0.60416667 | U146: 4201 | V146: 40 | W146: 1.01 | X146: 1.2 | Y146: 0.86 | Z146: S | AA146: NO | AB146: 1 | AC146: 1 | AD146: 60 | AG146: =VLOOKUP(C146,[10]PFEP!$A:$AG,33,0) -> #N/A | AL146: Milk Run | AM146: FIAPE | AN146: Não | AR146: SP | AS146: 12475660000108 | AT146: 16701716003686 | AU146: Volume | AW146: =A146&B146&M146&T146&AS146&AT146&AR146&AL146 -> FIAPEWEEK 018000367570,6041666666666671247566000010816701716003686SPMilk Run | AX146: =COUNTIF('Suppliers DB'!AL:AL,AW146) -> 1 | AY146: =COUNT(F146:K146) -> 0 | AZ146: =COUNT(AF146:AK146) -> 0 | BA146: =IF(AL146="",0,1) -> 1 | BB146: =C146&M146 -> 1002686830800036757 | BC146: =IF(AND(AL146="Milk Run",T146="_"),"Colocar Janela",0) -> 0
A147: FIAPE | B147: WEEK 01 | C147: 501465390 | D147: CHAVE DE RODA | E147: 0.0003 | G147: =VLOOKUP(C147,[10]PFEP!$A:$E,5,0) -> 0 | M147: 800005991 | N147: BOSAL II | O147: Itupeva | P147: SP | Q147: Brasil | R147: 1 | S147: BOSAL II-Itupeva-SP | T147: 0.54166667 | U147: 4147 | V147: 18 | W147: 0.4 | X147: 0.3 | Y147: 0.147 | Z147: S | AA147: YES | AB147: 10 | AC147: 3 | AD147: 1.08 | AE147: 0 | AG147: =VLOOKUP(C147,[10]PFEP!$A:$AG,33,0) -> 0 | AL147: Milk Run | AM147: FIAPE | AN147: Não | AR147: SP | AS147: 56993868000194 | AT147: 16701716003686 | AU147: Volume | AW147: =A147&B147&M147&T147&AS147&AT147&AR147&AL147 -> FIAPEWEEK 018000059910,5416666666666675699386800019416701716003686SPMilk Run | AX147: =COUNTIF('Suppliers DB'!AL:AL,AW147) -> 1 | AY147: =COUNT(F147:K147) -> 1 | AZ147: =COUNT(AF147:AK147) -> 1 | BA147: =IF(AL147="",0,1) -> 1 | BB147: =C147&M147 -> 501465390800005991 | BC147: =IF(AND(AL147="Milk Run",T147="_"),"Colocar Janela",0) -> 0
A148: FIAPE | B148: WEEK 01 | C148: 501656750 | D148: MACACO | E148: 2.786 | G148: =VLOOKUP(C148,[10]PFEP!$A:$E,5,0) -> 0 | M148: 800005991 | N148: BOSAL II | O148: Itupeva | P148: SP | Q148: Brasil | R148: 1 | S148: BOSAL II-Itupeva-SP | T148: 0.54166667 | U148: 4201 | V148: 160 | W148: 1.01 | X148: 1.2 | Y148: 0.86 | Z148: S | AA148: NO | AB148: 1 | AC148: 1 | AD148: 60 | AG148: =VLOOKUP(C148,[10]PFEP!$A:$AG,33,0) -> 0 | AL148: Milk Run | AM148: FIAPE | AN148: Não | AR148: SP | AS148: 56993868000194 | AT148: 16701716003686 | AU148: Volume | AW148: =A148&B148&M148&T148&AS148&AT148&AR148&AL148 -> FIAPEWEEK 018000059910,5416666666666675699386800019416701716003686SPMilk Run | AX148: =COUNTIF('Suppliers DB'!AL:AL,AW148) -> 1 | AY148: =COUNT(F148:K148) -> 1 | AZ148: =COUNT(AF148:AK148) -> 1 | BA148: =IF(AL148="",0,1) -> 1 | BB148: =C148&M148 -> 501656750800005991 | BC148: =IF(AND(AL148="Milk Run",T148="_"),"Colocar Janela",0) -> 0
A149: FIAPE | B149: WEEK 01 | C149: 521685090 | D149: EXTENSOR CHAVE DE RODA | E149: 0.2 | G149: =VLOOKUP(C149,[10]PFEP!$A:$E,5,0) -> 0 | M149: 800005991 | N149: BOSAL II | O149: Itupeva | P149: SP | Q149: Brasil | R149: 1 | S149: BOSAL II-Itupeva-SP | T149: 0.54166667 | U149: 4202 | V149: 60 | W149: 1.2 | X149: 1 | Y149: 0.86 | Z149: S | AA149: NO | AB149: 1 | AC149: 1 | AD149: 41 | AG149: =VLOOKUP(C149,[10]PFEP!$A:$AG,33,0) -> 0 | AL149: Milk Run | AM149: FIAPE | AN149: Não | AR149: SP | AS149: 56993868000194 | AT149: 16701716003686 | AU149: Volume | AW149: =A149&B149&M149&T149&AS149&AT149&AR149&AL149 -> FIAPEWEEK 018000059910,5416666666666675699386800019416701716003686SPMilk Run | AX149: =COUNTIF('Suppliers DB'!AL:AL,AW149) -> 1 | AY149: =COUNT(F149:K149) -> 1 | AZ149: =COUNT(AF149:AK149) -> 1 | BA149: =IF(AL149="",0,1) -> 1 | BB149: =C149&M149 -> 521685090800005991 | BC149: =IF(AND(AL149="Milk Run",T149="_"),"Colocar Janela",0) -> 0
...

Sheet Suppliers DB
A1: Planta | B1: Semana de coleta | C1: Supplier Code | D1: TARGET SUPPLIER + CITY | E1: Address Adjusted | F1: City | G1: State | H1: Country | I1: seg - m³ | J1: ter - m³ | K1: qua - m³ | L1: qui - m³ | M1: sex -m³ | N1: sab -m³ | O1: CDLC Destination | P1: seg - kg | Q1: ter - kg | R1: qua - kg | S1: qui - kg | T1: sex - kg | U1: sab - kg | V1: Dock Destination | W1: Milk Run | X1: Fluxo | Y1: Destino | Z1: Conta-trabalho? | AA1: Endereço Conta-trabalho | AB1: Cidade Conta-trabalho | AC1: Estado Conta-trabalho | AD1: Horário de Janela | AE1: CNPJ Origem | AF1: CNPJ Destino | AG1: Saturação | AI1: =TODAY() -> 45971 | AJ1: =WEEKDAY(AI1) -> 2 | AL1: Planta+Semana+SuppierCode+Janela | AM1: CONT.SE_ PFEP | AN1: CONT_M³ | AO1: CONT_KG | AP1: FLUXO
A2: FIAPE | B2: WEEK 01 | C2: 800006457 | D2: CLARIOS ENERGY-Sorocaba-SP | E2: Av Independencia2757eden | F2: Sorocaba | G2: SP | H2: Brasil | J2: =VLOOKUP(C2,'[10]Suppliers DB'!$A:$H,8,0) -> #N/A | O2: SP Hazmat | Q2: =VLOOKUP(C2,'[10]Suppliers DB'!$A:$O,15,0) -> #N/A | X2: Milk Run | Y2: FIAPE | Z2: Não | AD2: 0.29166667 | AE2: 1376079000112 | AF2: 16701716003686 | AG2: Peso | AL2: =A2&B2&C2&AD2&AE2&AF2&O2&X2 -> FIAPEWEEK 018000064570,291666666666667137607900011216701716003686SP HazmatMilk Run | AM2: =COUNTIF(PFEP!AW:AW,'Suppliers DB'!AL2) -> 2 | AN2: =COUNT(I2:N2) -> 0 | AO2: =COUNT(P2:U2) -> 0 | AP2: =IF(X2="",0,1) -> 1
A3: FIAPE | B3: WEEK 01 | C3: 800034219 | D3: HENKEL-Jundiai-SP | E3: Rua vice prefeito Hermenegildo | F3: Jundiai | G3: SP | H3: Brasil | J3: =VLOOKUP(C3,'[10]Suppliers DB'!$A:$H,8,0) -> 0 | O3: SP Hazmat | Q3: =VLOOKUP(C3,'[10]Suppliers DB'!$A:$O,15,0) -> 0 | X3: Milk Run | Y3: FIAPE | Z3: Não | AD3: 0.75 | AE3: 2777131003473 | AF3: 16701716003686 | AG3: Volume | AL3: =A3&B3&C3&AD3&AE3&AF3&O3&X3 -> FIAPEWEEK 018000342190,75277713100347316701716003686SP HazmatMilk Run | AM3: =COUNTIF(PFEP!AW:AW,'Suppliers DB'!AL3) -> 2 | AN3: =COUNT(I3:N3) -> 1 | AO3: =COUNT(P3:U3) -> 1 | AP3: =IF(X3="",0,1) -> 1
A4: FIAPE | B4: WEEK 01 | C4: 800039602 | D4: SIKA II-Osasco-SP | E4: Av Dr. Alberto Jackson Byington1525vila Menk | F4: Osasco | G4: SP | H4: Brasil | J4: =VLOOKUP(C4,'[10]Suppliers DB'!$A:$H,8,0) -> 0 | O4: SP Hazmat | Q4: =VLOOKUP(C4,'[10]Suppliers DB'!$A:$O,15,0) -> 0 | X4: Milk Run | Y4: FIAPE | Z4: Não | AD4: 0.66666667 | AE4: 33081704002643 | AF4: 16701716003686 | AG4: Volume | AL4: =A4&B4&C4&AD4&AE4&AF4&O4&X4 -> FIAPEWEEK 018000396020,6666666666666673308170400264316701716003686SP HazmatMilk Run | AM4: =COUNTIF(PFEP!AW:AW,'Suppliers DB'!AL4) -> 26 | AN4: =COUNT(I4:N4) -> 1 | AO4: =COUNT(P4:U4) -> 1 | AP4: =IF(X4="",0,1) -> 1
A5: FIAPE | B5: WEEK 01 | C5: 800041315 | D5: SPECIALTY-Pindamonhangaba-SP | E5: AV TOBIAS SALGADO, 345, PARQUE EMPRESARIAL SANTA RITA | F5: Pindamonhangaba | G5: SP | H5: Brasil | J5: =VLOOKUP(C5,'[10]Suppliers DB'!$A:$H,8,0) -> 0 | O5: SP Hazmat | Q5: =VLOOKUP(C5,'[10]Suppliers DB'!$A:$O,15,0) -> 0 | X5: Milk Run | Y5: FIAPE | Z5: Não | AD5: 0.58333333 | AE5: 17344766000358 | AF5: 16701716003686 | AG5: Volume | AL5: =A5&B5&C5&AD5&AE5&AF5&O5&X5 -> FIAPEWEEK 018000413150,5833333333333331734476600035816701716003686SP HazmatMilk Run | AM5: =COUNTIF(PFEP!AW:AW,'Suppliers DB'!AL5) -> 3 | AN5: =COUNT(I5:N5) -> 1 | AO5: =COUNT(P5:U5) -> 1 | AP5: =IF(X5="",0,1) -> 1
A6: FIAPE | B6: WEEK 01 | C6: 800003241 | D6: INDUSTRIAS ARTEB-São Bernardo do Campo-SP | E6: AV PIRAPORINHA 1221 | F6: São Bernardo do Campo | G6: SP | H6: Brasil | J6: =VLOOKUP(C6,'[10]Suppliers DB'!$A:$H,8,0) -> 0 | O6: SP | Q6: =VLOOKUP(C6,'[10]Suppliers DB'!$A:$O,15,0) -> 0 | X6: Milk Run | Y6: FIAPE | Z6: Não | AD6: 0.83333333 | AE6: 62291380000207 | AF6: 16701716003686 | AG6: Volume | AL6: =A6&B6&C6&AD6&AE6&AF6&O6&X6 -> FIAPEWEEK 018000032410,8333333333333336229138000020716701716003686SPMilk Run | AM6: =COUNTIF(PFEP!AW:AW,'Suppliers DB'!AL6) -> 15 | AN6: =COUNT(I6:N6) -> 1 | AO6: =COUNT(P6:U6) -> 1 | AP6: =IF(X6="",0,1) -> 1
A7: FIAPE | B7: WEEK 01 | C7: 800046299 | D7: MAGNA-São Bernardo do Campo-SP | E7: Av Alvaro Guimaraes 1100, sala | F7: São Bernardo do Campo | G7: SP | H7: Brasil | J7: =VLOOKUP(C7,'[10]Suppliers DB'!$A:$H,8,0) -> 0 | O7: SP | Q7: =VLOOKUP(C7,'[10]Suppliers DB'!$A:$O,15,0) -> 0 | X7: Milk Run | Y7: FIAPE | Z7: Não | AD7: 0.875 | AE7: 3479456000174 | AF7: 16701716003686 | AG7: Volume | AL7: =A7&B7&C7&AD7&AE7&AF7&O7&X7 -> FIAPEWEEK 018000462990,875347945600017416701716003686SPMilk Run | AM7: =COUNTIF(PFEP!AW:AW,'Suppliers DB'!AL7) -> 13 | AN7: =COUNT(I7:N7) -> 1 | AO7: =COUNT(P7:U7) -> 1 | AP7: =IF(X7="",0,1) -> 1
A8: FIAPE | B8: WEEK 01 | C8: 800006599 | D8: 3M DO BRASIL-Ribeirao Preto-SP | E8: Rdv Rib Preto Araraquara7kmbonfim Paulista | F8: Ribeirao Preto | G8: SP | H8: Brasil | J8: =VLOOKUP(C8,'[10]Suppliers DB'!$A:$H,8,0) -> 0 | O8: SP | Q8: =VLOOKUP(C8,'[10]Suppliers DB'!$A:$O,15,0) -> 0 | X8: Line Haul | Y8: FIAPE | Z8: Não | AD8: 0 | AE8: =VLOOKUP(C8,PFEP!M:AS,33,0) -> 45985371003395 | AF8: 16701716003686 | AG8: Volume | AL8: =A8&B8&C8&AD8&AE8&AF8&O8&X8 -> FIAPEWEEK 0180000659904598537100339516701716003686SPLine Haul | AM8: =COUNTIF(PFEP!AW:AW,'Suppliers DB'!AL8) -> 10 | AN8: =COUNT(I8:N8) -> 1 | AO8: =COUNT(P8:U8) -> 1 | AP8: =IF(X8="",0,1) -> 1
A9: FIAPE | B9: WEEK 01 | C9: 800006598 | D9: 3M DO BRASIL-Sumare-SP | E9: Rdv Anhangueira Km110snjardim Manchester Nova Vene | F9: Sumare | G9: SP | H9: Brasil | J9: =VLOOKUP(C9,'[10]Suppliers DB'!$A:$H,8,0) -> 0 | O9: SP | Q9: =VLOOKUP(C9,'[10]Suppliers DB'!$A:$O,15,0) -> 0 | X9: Line Haul | Y9: FIAPE | Z9: Não | AD9: 0 | AE9: 45985371000108 | AF9: 16701716003686 | AG9: Volume | AL9: =A9&B9&C9&AD9&AE9&AF9&O9&X9 -> FIAPEWEEK 0180000659804598537100010816701716003686SPLine Haul | AM9: =COUNTIF(PFEP!AW:AW,'Suppliers DB'!AL9) -> 1 | AN9: =COUNT(I9:N9) -> 1 | AO9: =COUNT(P9:U9) -> 1 | AP9: =IF(X9="",0,1) -> 1
A10: FIAPE | B10: WEEK 01 | C10: 800005870 | D10: NIDEC MOBILIDAD-Viinhedo-SP | E10: FRANCISCO FOGA 980 | F10: Viinhedo | G10: SP | H10: Brasil | J10: =VLOOKUP(C10,'[10]Suppliers DB'!$A:$H,8,0) -> 0 | O10: SP | Q10: =VLOOKUP(C10,'[10]Suppliers DB'!$A:$O,15,0) -> 0 | X10: Line Haul | Y10: FIAPE | Z10: Não | AD10: 0 | AE10: 7760479000103 | AF10: 16701716003686 | AG10: Volume | AL10: =A10&B10&C10&AD10&AE10&AF10&O10&X10 -> FIAPEWEEK 018000058700776047900010316701716003686SPLine Haul | AM10: =COUNTIF(PFEP!AW:AW,'Suppliers DB'!AL10) -> 3 | AN10: =COUNT(I10:N10) -> 1 | AO10: =COUNT(P10:U10) -> 1 | AP10: =IF(X10="",0,1) -> 1
A11: FIAPE | B11: WEEK 01 | C11: 800027166 | D11: TESA BRASIL-Curitiba-PR | E11: Av. Joao Gualberto1259cj. 1801/2alto Da Gloria | F11: Curitiba | G11: PR | H11: Brasil | J11: =VLOOKUP(C11,'[10]Suppliers DB'!$A:$H,8,0) -> 0 | O11: SP | Q11: =VLOOKUP(C11,'[10]Suppliers DB'!$A:$O,15,0) -> 0 | X11: Line Haul | Y11: FIAPE | Z11: Não | AD11: 0 | AE11: 4480645000120 | AF11: 16701716003686 | AG11: Peso | AL11: =A11&B11&C11&AD11&AE11&AF11&O11&X11 -> FIAPEWEEK 018000271660448064500012016701716003686SPLine Haul | AM11: =COUNTIF(PFEP!AW:AW,'Suppliers DB'!AL11) -> 24 | AN11: =COUNT(I11:N11) -> 1 | AO11: =COUNT(P11:U11) -> 1 | AP11: =IF(X11="",0,1) -> 1
A12: FIAPE | B12: WEEK 01 | C12: 800046527 | D12: BASF CATALISADORES-Indaiatuba-SP | E12: Indaiatuba | F12: Indaiatuba | G12: SP | H12: Brasil | J12: =VLOOKUP(C12,'[10]Suppliers DB'!$A:$H,8,0) -> 0 | O12: SP | Q12: =VLOOKUP(C12,'[10]Suppliers DB'!$A:$O,15,0) -> 0 | X12: Milk Run | Y12: FIAPE | Z12: Não | AD12: 0.33333333 | AE12: 48439341000194 | AF12: 16701716003686 | AG12: Volume | AL12: =A12&B12&C12&AD12&AE12&AF12&O12&X12 -> FIAPEWEEK 018000465270,3333333333333334843934100019416701716003686SPMilk Run | AM12: =COUNTIF(PFEP!AW:AW,'Suppliers DB'!AL12) -> 0 | AN12: =COUNT(I12:N12) -> 1 | AO12: =COUNT(P12:U12) -> 1 | AP12: =IF(X12="",0,1) -> 1
A13: FIAPE | B13: WEEK 01 | C13: 800022239 | D13: GIOBERT DO BRASIL SIST. AUTOMOTIVOS-Jaguariuna-SP | E13: VICENZO GRANGHELLI 856, GP 04 | F13: Jaguariuna | G13: SP | H13: Brasil | J13: =VLOOKUP(C13,'[10]Suppliers DB'!$A:$H,8,0) -> 0.2364 | O13: SP | Q13: =VLOOKUP(C13,'[10]Suppliers DB'!$A:$O,15,0) -> 109.56 | X13: Line Haul | Y13: FIAPE | Z13: Não | AE13: 13258571000172 | AF13: 16701716003686 | AG13: Volume | AL13: =A13&B13&C13&AD13&AE13&AF13&O13&X13 -> FIAPEWEEK 018000222391325857100017216701716003686SPLine Haul | AM13: =COUNTIF(PFEP!AW:AW,'Suppliers DB'!AL111) -> 8 | AN13: =COUNT(I13:N13) -> 1 | AO13: =COUNT(P13:U13) -> 1 | AP13: =IF(X13="",0,1) -> 1
A14: FIAPE | B14: WEEK 01 | C14: 800022975 | D14: AB SISTEMA-Campinas-SP | E14: Rua Joao Felipe Xavier Da Silva384sao Bernardo | F14: Campinas | G14: SP | H14: Brasil | J14: =VLOOKUP(C14,'[10]Suppliers DB'!$A:$H,8,0) -> 0 | O14: SP | Q14: =VLOOKUP(C14,'[10]Suppliers DB'!$A:$O,15,0) -> 0 | X14: Milk Run | Y14: FIAPE | Z14: Não | AD14: 0.45833333 | AE14: 13625300000108 | AF14: 16701716003686 | AG14: Volume | AL14: =A14&B14&C14&AD14&AE14&AF14&O14&X14 -> FIAPEWEEK 018000229750,4583333333333331362530000010816701716003686SPMilk Run | AM14: =COUNTIF(PFEP!AW:AW,'Suppliers DB'!AL14) -> 8 | AN14: =COUNT(I14:N14) -> 1 | AO14: =COUNT(P14:U14) -> 1 | AP14: =IF(X14="",0,1) -> 1
A15: FIAPE | B15: WEEK 01 | C15: 800002863 | D15: ABC GROUP-Araras-SP | E15: R. José Carrocci, 555 - Distrito Industrial I - 13602-030 | F15: Araras | G15: SP | H15: Brasil | J15: =VLOOKUP(C15,'[10]Suppliers DB'!$A:$H,8,0) -> 0 | O15: SP | Q15: =VLOOKUP(C15,'[10]Suppliers DB'!$A:$O,15,0) -> 0 | X15: Milk Run | Y15: FIAPE | Z15: Não | AD15: 0.875 | AE15: 2679320000145 | AF15: 16701716003686 | AG15: Peso | AL15: =A15&B15&C15&AD15&AE15&AF15&O15&X15 -> FIAPEWEEK 018000028630,875267932000014516701716003686SPMilk Run | AM15: =COUNTIF(PFEP!AW:AW,'Suppliers DB'!AL15) -> 15 | AN15: =COUNT(I15:N15) -> 1 | AO15: =COUNT(P15:U15) -> 1 | AP15: =IF(X15="",0,1) -> 1
A16: FIAPE | B16: WEEK 01 | C16: 800009856 | D16: ALPINO IND META-Jundiai-SP | E16: Av Juvenal Arantes313jardim Carolina | F16: Jundiai | G16: SP | H16: Brasil | J16: =VLOOKUP(C16,'[10]Suppliers DB'!$A:$H,8,0) -> 0 | O16: SP | Q16: =VLOOKUP(C16,'[10]Suppliers DB'!$A:$O,15,0) -> 0 | W16: Não recebe veículo Baú | X16: Milk Run | Y16: FIAPE | Z16: Não | AD16: 0.91666667 | AE16: 61451027000195 | AF16: 16701716003686 | AG16: Volume | AL16: =A16&B16&C16&AD16&AE16&AF16&O16&X16 -> FIAPEWEEK 018000098560,9166666666666676145102700019516701716003686SPMilk Run | AM16: =COUNTIF(PFEP!AW:AW,'Suppliers DB'!AL16) -> 5 | AN16: =COUNT(I16:N16) -> 1 | AO16: =COUNT(P16:U16) -> 1 | AP16: =IF(X16="",0,1) -> 1
A17: FIAPE | B17: WEEK 01 | C17: 800005810 | D17: APTIV-Jambeiro-SP | E17: Rdv Dos Tamoios km 21 | F17: #N/A | G17: SP | H17: Brasil | J17: =VLOOKUP(C17,'[10]Suppliers DB'!$A:$H,8,0) -> #N/A | O17: SP | Q17: =VLOOKUP(C17,'[10]Suppliers DB'!$A:$O,15,0) -> #N/A | X17: Milk Run | Y17: FIAPE | Z17: Não | AD17: 0.625 | AE17: 857758000736 | AF17: 16701716003686 | AG17: Volume | AL17: =A17&B17&C17&AD17&AE17&AF17&O17&X17 -> FIAPEWEEK 018000058100,62585775800073616701716003686SPMilk Run | AM17: =COUNTIF(PFEP!AW:AW,'Suppliers DB'!AL17) -> 3 | AN17: =COUNT(I17:N17) -> 0 | AO17: =COUNT(P17:U17) -> 0 | AP17: =IF(X17="",0,1) -> 1
A18: FIAPE | B18: WEEK 01 | C18: 800036277 | D18: AUTO PARTS-Tatui-SP | E18: AVENIDA DOS AERONAUTAS 1015, JARDIM AEROPORTO | F18: Tatui | G18: SP | H18: Brasil | J18: =VLOOKUP(C18,'[10]Suppliers DB'!$A:$H,8,0) -> 0 | O18: SP | Q18: =VLOOKUP(C18,'[10]Suppliers DB'!$A:$O,15,0) -> 0 | X18: Milk Run | Y18: FIAPE | Z18: Não | AD18: 0.91666667 | AE18: 22066976000280 | AF18: 16701716003686 | AG18: Volume | AL18: =A18&B18&C18&AD18&AE18&AF18&O18&X18 -> FIAPEWEEK 018000362770,9166666666666672206697600028016701716003686SPMilk Run | AM18: =COUNTIF(PFEP!AW:AW,'Suppliers DB'!AL18) -> 5 | AN18: =COUNT(I18:N18) -> 1 | AO18: =COUNT(P18:U18) -> 1 | AP18: =IF(X18="",0,1) -> 1
A19: FIAPE | B19: WEEK 01 | C19: 800006157 | D19: AUTOMETAL-Sao Bernardo Do Campo-SP | E19: Estrada Eiji Kikuti, 300, GALPAO 2, Cooperativa | F19: #N/A | G19: SP | H19: Brasil | J19: =VLOOKUP(C19,'[10]Suppliers DB'!$A:$H,8,0) -> #N/A | O19: SP | Q19: =VLOOKUP(C19,'[10]Suppliers DB'!$A:$O,15,0) -> #N/A | W19: Não recebe carreta | X19: Milk Run | Y19: FIAPE | Z19: Não | AD19: 0.625 | AE19: 3985506000195 | AF19: 16701716003686 | AG19: Volume | AL19: =A19&B19&C19&AD19&AE19&AF19&O19&X19 -> FIAPEWEEK 018000061570,625398550600019516701716003686SPMilk Run | AM19: =COUNTIF(PFEP!AW:AW,'Suppliers DB'!AL19) -> 7 | AN19: =COUNT(I19:N19) -> 0 | AO19: =COUNT(P19:U19) -> 0 | AP19: =IF(X19="",0,1) -> 1
A20: FIAPE | B20: WEEK 01 | C20: 800027551 | D20: BASF-Guarulhos-SP | E20: Estrada Municipal1156a / D,ejardim Santo Afonso | F20: Guarulhos | G20: SP | H20: Brasil | J20: =VLOOKUP(C20,'[10]Suppliers DB'!$A:$H,8,0) -> 0 | O20: SP | Q20: =VLOOKUP(C20,'[10]Suppliers DB'!$A:$O,15,0) -> 0 | X20: Milk Run | Y20: FIAPE | Z20: Não | AD20: 0.625 | AE20: 48539407009174 | AF20: 16701716003686 | AG20: Volume | AL20: =A20&B20&C20&AD20&AE20&AF20&O20&X20 -> FIAPEWEEK 018000275510,6254853940700917416701716003686SPMilk Run | AM20: =COUNTIF(PFEP!AW:AW,'Suppliers DB'!AL20) -> 17 | AN20: =COUNT(I20:N20) -> 1 | AO20: =COUNT(P20:U20) -> 1 | AP20: =IF(X20="",0,1) -> 1
A21: FIAPE | B21: WEEK 01 | C21: 800008407 | D21: BASF-Indaiatuba-SP | E21: Rdv Sp 735756caldeira | F21: Indaiatuba | G21: SP | H21: Brasil | J21: =VLOOKUP(C21,'[10]Suppliers DB'!$A:$H,8,0) -> 0 | O21: SP | Q21: =VLOOKUP(C21,'[10]Suppliers DB'!$A:$O,15,0) -> 0 | W21: Não recebe carreta | Apenas Veículos do tipo Sider | X21: Milk Run | Y21: FIAPE | Z21: Não | AD21: 0.58333333 | AE21: 48539407002919 | AF21: 16701716003686 | AG21: Volume | AL21: =A21&B21&C21&AD21&AE21&AF21&O21&X21 -> FIAPEWEEK 018000084070,5833333333333334853940700291916701716003686SPMilk Run | AM21: =COUNTIF(PFEP!AW:AW,'Suppliers DB'!AL21) -> 1 | AN21: =COUNT(I21:N21) -> 1 | AO21: =COUNT(P21:U21) -> 1 | AP21: =IF(X21="",0,1) -> 1
A22: FIAPE | B22: WEEK 01 | C22: 800028796a | D22: BENTELER MR-Campinas-SP | E22: Marginal Sul802km 69distrito Industrial | F22: Campinas | G22: SP | H22: Brasil | J22: =VLOOKUP(C22,'[10]Suppliers DB'!$A:$H,8,0) -> 0 | O22: SP | Q22: =VLOOKUP(C22,'[10]Suppliers DB'!$A:$O,15,0) -> 0 | X22: Milk Run | Y22: FIAPE | Z22: Não | AD22: 0.875 | AE22: 853157000160 | AF22: 16701716003686 | AG22: Volume | AL22: =A22&B22&C22&AD22&AE22&AF22&O22&X22 -> FIAPEWEEK 01800028796a0,87585315700016016701716003686SPMilk Run | AM22: =COUNTIF(PFEP!AW:AW,'Suppliers DB'!AL22) -> 4 | AN22: =COUNT(I22:N22) -> 1 | AO22: =COUNT(P22:U22) -> 1 | AP22: =IF(X22="",0,1) -> 1
A23: FIAPE | B23: WEEK 01 | C23: 800006653 | D23: BOLLHOFF SERVICE-Jundiai-SP | E23: Av Arquimedes500dist. Industrial | F23: Jundiai | G23: SP | H23: Brasil | J23: =VLOOKUP(C23,'[10]Suppliers DB'!$A:$H,8,0) -> 0 | O23: SP | Q23: =VLOOKUP(C23,'[10]Suppliers DB'!$A:$O,15,0) -> 0 | X23: Milk Run | Y23: FIAPE | Z23: Não | AD23: 0.58333333 | AE23: 57879843000127 | AF23: 16701716003686 | AG23: Volume | AL23: =A23&B23&C23&AD23&AE23&AF23&O23&X23 -> FIAPEWEEK 018000066530,5833333333333335787984300012716701716003686SPMilk Run | AM23: =COUNTIF(PFEP!AW:AW,'Suppliers DB'!AL23) -> 15 | AN23: =COUNT(I23:N23) -> 1 | AO23: =COUNT(P23:U23) -> 1 | AP23: =IF(X23="",0,1) -> 1
A24: FIAPE | B24: WEEK 01 | C24: 800030982 | D24: CONTINENTAL KATHREIN-Jacutinga-MG | E24: R Wilson Silveira135Bl 3, 4, 5Vila Toledo | F24: Jacutinga | G24: MG | H24: Brasil | J24: =VLOOKUP(C24,'[10]Suppliers DB'!$A:$H,8,0) -> 0.2364 | O24: SP | Q24: =VLOOKUP(C24,'[10]Suppliers DB'!$A:$O,15,0) -> 50.22 | X24: Milk Run | Y24: FIAPE | Z24: Não | AD24: 0.625 | AE24: 60892528000578 | AF24: 16701716003686 | AG24: Volume | AL24: =A24&B24&C24&AD24&AE24&AF24&O24&X24 -> FIAPEWEEK 018000309820,6256089252800057816701716003686SPMilk Run | AM24: =COUNTIF(PFEP!AW:AW,'Suppliers DB'!AL101) -> 199 | AN24: =COUNT(I24:N24) -> 1 | AO24: =COUNT(P24:U24) -> 1 | AP24: =IF(X24="",0,1) -> 1
A25: FIAPE | B25: WEEK 01 | C25: 800005991 | D25: BOSAL II-Itupeva-SP | E25: Avenida Emilio Checchinato1928vila Sao Joao | F25: Itupeva | G25: SP | H25: Brasil | J25: =VLOOKUP(C25,'[10]Suppliers DB'!$A:$H,8,0) -> 0 | O25: SP | Q25: =VLOOKUP(C25,'[10]Suppliers DB'!$A:$O,15,0) -> 0 | X25: Milk Run | Y25: FIAPE | Z25: Não | AD25: 0.54166667 | AE25: 56993868000194 | AF25: 16701716003686 | AG25: Volume | AL25: =A25&B25&C25&AD25&AE25&AF25&O25&X25 -> FIAPEWEEK 018000059910,5416666666666675699386800019416701716003686SPMilk Run | AM25: =COUNTIF(PFEP!AW:AW,'Suppliers DB'!AL25) -> 8 | AN25: =COUNT(I25:N25) -> 1 | AO25: =COUNT(P25:U25) -> 1 | AP25: =IF(X25="",0,1) -> 1
A26: FIAPE | B26: WEEK 01 | C26: 800004739 | D26: CAILLAU-Diadema-SP | E26: Avenida Fagundes De Oliveira538galp]o 26bvila Sao | F26: Diadema | G26: SP | H26: Brasil | J26: =VLOOKUP(C26,'[10]Suppliers DB'!$A:$H,8,0) -> 0 | O26: SP | Q26: =VLOOKUP(C26,'[10]Suppliers DB'!$A:$O,15,0) -> 0 | W26: Toco ou veículos menores | X26: Milk Run | Y26: FIAPE | Z26: Não | AD26: 0.375 | AE26: 3244643000250 | AF26: 16701716003686 | AG26: Volume | AL26: =A26&B26&C26&AD26&AE26&AF26&O26&X26 -> FIAPEWEEK 018000047390,375324464300025016701716003686SPMilk Run | AM26: =COUNTIF(PFEP!AW:AW,'Suppliers DB'!AL26) -> 5 | AN26: =COUNT(I26:N26) -> 1 | AO26: =COUNT(P26:U26) -> 1 | AP26: =IF(X26="",0,1) -> 1
A27: FIAPE | B27: WEEK 01 | C27: 800002735 | D27: CASCO-Indaiatuba-SP | E27: R TRES 399 | F27: Indaiatuba | G27: SP | H27: Brasil | J27: =VLOOKUP(C27,'[10]Suppliers DB'!$A:$H,8,0) -> 0 | O27: SP | Q27: =VLOOKUP(C27,'[10]Suppliers DB'!$A:$O,15,0) -> 0 | X27: Milk Run | Y27: FIAPE | Z27: Não | AD27: 0.375 | AE27: 2220927000162 | AF27: 16701716003686 | AG27: Volume | AL27: =A27&B27&C27&AD27&AE27&AF27&O27&X27 -> FIAPEWEEK 018000027350,375222092700016216701716003686SPMilk Run | AM27: =COUNTIF(PFEP!AW:AW,'Suppliers DB'!AL27) -> 3 | AN27: =COUNT(I27:N27) -> 1 | AO27: =COUNT(P27:U27) -> 1 | AP27: =IF(X27="",0,1) -> 1
A28: FIAPE | B28: WEEK 01 | C28: 800028290 | D28: CCL LABEL-Vinhedo-SP | E28: Rod. Miguel Melhado Camposkm 79sta Candida | F28: Vinhedo | G28: SP | H28: Brasil | J28: =VLOOKUP(C28,'[10]Suppliers DB'!$A:$H,8,0) -> 0 | O28: SP | Q28: =VLOOKUP(C28,'[10]Suppliers DB'!$A:$O,15,0) -> 0 | X28: Milk Run | Y28: FIAPE | Z28: Não | AD28: 0.75 | AE28: 7593518000125 | AF28: 16701716003686 | AG28: Volume | AL28: =A28&B28&C28&AD28&AE28&AF28&O28&X28 -> FIAPEWEEK 018000282900,75759351800012516701716003686SPMilk Run | AM28: =COUNTIF(PFEP!AW:AW,'Suppliers DB'!AL28) -> 68 | AN28: =COUNT(I28:N28) -> 1 | AO28: =COUNT(P28:U28) -> 1 | AP28: =IF(X28="",0,1) -> 1
A29: FIAPE | B29: WEEK 01 | C29: 800036757 | D29: BORKAR-Itapecerica da Serra-SP | E29: R DAS NOGUEIRAS 398, ANTIGO N06 | F29: Itapecerica da Serra | G29: SP | H29: Brasil | J29: =VLOOKUP(C29,'[10]Suppliers DB'!$A:$H,8,0) -> 0.9456 | O29: SP | Q29: =VLOOKUP(C29,'[10]Suppliers DB'!$A:$O,15,0) -> 249.12 | X29: Milk Run | Y29: FIAPE | Z29: Não | AD29: 0.60416667 | AE29: 12475660000108 | AF29: 16701716003686 | AG29: Volume | AL29: =A29&B29&C29&AD29&AE29&AF29&O29&X29 -> FIAPEWEEK 018000367570,6041666666666671247566000010816701716003686SPMilk Run | AM29: =COUNTIF(PFEP!AW:AW,'Suppliers DB'!AL24) -> 4 | AN29: =COUNT(I29:N29) -> 1 | AO29: =COUNT(P29:U29) -> 1 | AP29: =IF(X29="",0,1) -> 1
A30: FIAPE | B30: WEEK 01 | C30: 800030246 | D30: CEQUENT-Itaquaquecetuba-SP | E30: Rua Flor de Noiva, 800 | F30: Itaquaquecetuba | G30: SP | H30: Brasil | J30: =VLOOKUP(C30,'[10]Suppliers DB'!$A:$H,8,0) -> 0 | O30: SP | Q30: =VLOOKUP(C30,'[10]Suppliers DB'!$A:$O,15,0) -> 0 | X30: Milk Run | Y30: FIAPE | Z30: Não | AD30: 0.54166667 | AE30: 1859648000261 | AF30: 16701716003686 | AG30: Volume | AL30: =A30&B30&C30&AD30&AE30&AF30&O30&X30 -> FIAPEWEEK 018000302460,541666666666667185964800026116701716003686SPMilk Run | AM30: =COUNTIF(PFEP!AW:AW,'Suppliers DB'!AL30) -> 1 | AN30: =COUNT(I30:N30) -> 1 | AO30: =COUNT(P30:U30) -> 1 | AP30: =IF(X30="",0,1) -> 1
A31: FIAPE | B31: WEEK 01 | C31: 800006273 | D31: CERAMICA E VELAS NGK-Mogi Das Cruzes-SP | E31: Rod. Prof. Alfredo Rolim De Mouras/nkm 61cocuera | F31: Mogi Das Cruzes | G31: SP | H31: Brasil | J31: =VLOOKUP(C31,'[10]Suppliers DB'!$A:$H,8,0) -> 0 | O31: SP | Q31: =VLOOKUP(C31,'[10]Suppliers DB'!$A:$O,15,0) -> 0 | X31: Milk Run | Y31: FIAPE | Z31: Não | AD31: 0.54166667 | AE31: 52541760000100 | AF31: 16701716003686 | AG31: Volume | AL31: =A31&B31&C31&AD31&AE31&AF31&O31&X31 -> FIAPEWEEK 018000062730,5416666666666675254176000010016701716003686SPMilk Run | AM31: =COUNTIF(PFEP!AW:AW,'Suppliers DB'!AL31) -> 9 | AN31: =COUNT(I31:N31) -> 1 | AO31: =COUNT(P31:U31) -> 1 | AP31: =IF(X31="",0,1) -> 1
A32: FIAPE | B32: WEEK 01 | C32: 800005765 | D32: COBRA METAIS-Itu-SP | E32: Av Tiradentes1806parque Industrial | F32: Itu | G32: SP | H32: Brasil | J32: =VLOOKUP(C32,'[10]Suppliers DB'!$A:$H,8,0) -> 0 | O32: SP | Q32: =VLOOKUP(C32,'[10]Suppliers DB'!$A:$O,15,0) -> 0 | W32: Não recebe carreta | X32: Milk Run | Y32: FIAPE | Z32: Não | AD32: 0.45833333 | AE32: 50231778000180 | AF32: 16701716003686 | AG32: Volume | AL32: =A32&B32&C32&AD32&AE32&AF32&O32&X32 -> FIAPEWEEK 018000057650,4583333333333335023177800018016701716003686SPMilk Run | AM32: =COUNTIF(PFEP!AW:AW,'Suppliers DB'!AL32) -> 10 | AN32: =COUNT(I32:N32) -> 1 | AO32: =COUNT(P32:U32) -> 1 | AP32: =IF(X32="",0,1) -> 1
A33: FIAPE | B33: WEEK 01 | C33: 800027618 | D33: COMPONENT INDUS-Diadema-SP | E33: Ferraz Alvim, 298 | F33: Diadema | G33: SP | H33: Brasil | J33: =VLOOKUP(C33,'[10]Suppliers DB'!$A:$H,8,0) -> 0 | O33: SP | Q33: =VLOOKUP(C33,'[10]Suppliers DB'!$A:$O,15,0) -> 0 | X33: Milk Run | Y33: FIAPE | Z33: Não | AD33: 0.54166667 | AE33: 62672415000169 | AF33: 16701716003686 | AG33: Volume | AL33: =A33&B33&C33&AD33&AE33&AF33&O33&X33 -> FIAPEWEEK 018000276180,5416666666666676267241500016916701716003686SPMilk Run | AM33: =COUNTIF(PFEP!AW:AW,'Suppliers DB'!AL33) -> 7 | AN33: =COUNT(I33:N33) -> 1 | AO33: =COUNT(P33:U33) -> 1 | AP33: =IF(X33="",0,1) -> 1
A34: FIAPE | B34: WEEK 01 | C34: 800006042 | D34: CONTINENTAL II-Guarulhos-SP | E34: Av Senador Adolf Schindling131vila Endres | F34: Guarulhos | G34: SP | H34: Brasil | J34: =VLOOKUP(C34,'[10]Suppliers DB'!$A:$H,8,0) -> 0 | O34: SP | Q34: =VLOOKUP(C34,'[10]Suppliers DB'!$A:$O,15,0) -> 0 | W34: Não recebe carreta | Apenas Veículos do tipo Sider | X34: Milk Run | Y34: FIAPE | Z34: Não | AD34: 0.79166667 | AE34: 48754139000157 | AF34: 16701716003686 | AG34: Volume | AL34: =A34&B34&C34&AD34&AE34&AF34&O34&X34 -> FIAPEWEEK 018000060420,7916666666666674875413900015716701716003686SPMilk Run | AM34: =COUNTIF(PFEP!AW:AW,'Suppliers DB'!AL34) -> 4 | AN34: =COUNT(I34:N34) -> 1 | AO34: =COUNT(P34:U34) -> 1 | AP34: =IF(X34="",0,1) -> 1
A35: FIAPE | B35: WEEK 01 | C35: 800033930 | D35: CONTINENTAL PAR-Diadema-SP | E35: FUKUICHI NAKATA630JARDIM DOS CAMPEOES | F35: Diadema | G35: SP | H35: Brasil | J35: =VLOOKUP(C35,'[10]Suppliers DB'!$A:$H,8,0) -> 0 | O35: SP | Q35: =VLOOKUP(C35,'[10]Suppliers DB'!$A:$O,15,0) -> 0 | X35: Milk Run | Y35: FIAPE | Z35: Não | AD35: 0.70833333 | AE35: 45580693000843 | AF35: 16701716003686 | AG35: Volume | AL35: =A35&B35&C35&AD35&AE35&AF35&O35&X35 -> FIAPEWEEK 018000339300,7083333333333334558069300084316701716003686SPMilk Run | AM35: =COUNTIF(PFEP!AW:AW,'Suppliers DB'!AL35) -> 42 | AN35: =COUNT(I35:N35) -> 1 | AO35: =COUNT(P35:U35) -> 1 | AP35: =IF(X35="",0,1) -> 1
A36: FIAPE | B36: WEEK 01 | C36: 800006371 | D36: PRODUFLEX-Diadema-SP | F36: Diadema | G36: SP | H36: Brasil | J36: =VLOOKUP(C36,'[10]Suppliers DB'!$A:$H,8,0) -> 1.143 | O36: SP | Q36: =VLOOKUP(C36,'[10]Suppliers DB'!$A:$O,15,0) -> 69.192 | X36: Milk Run | Y36: FIAPE | Z36: Não | AD36: 0.625 | AE36: 44031201000121 | AF36: 16701716003686 | AG36: Volume | AL36: =A36&B36&C36&AD36&AE36&AF36&O36&X36 -> FIAPEWEEK 018000063710,6254403120100012116701716003686SPMilk Run | AM36: =COUNTIF(PFEP!AW:AW,'Suppliers DB'!AL106) -> 14 | AN36: =COUNT(I36:N36) -> 1 | AO36: =COUNT(P36:U36) -> 1 | AP36: =IF(X36="",0,1) -> 1
A37: FIAPE | B37: WEEK 01 | C37: 800037100 | D37: COPLAC-TAUBATE-SP | E37: AV DOUTOR JOSE ORT 2001, PRED. 4E12 | F37: TAUBATE | G37: SP | H37: Brasil | J37: =VLOOKUP(C37,'[10]Suppliers DB'!$A:$H,8,0) -> 0 | O37: SP | Q37: =VLOOKUP(C37,'[10]Suppliers DB'!$A:$O,15,0) -> 0 | X37: Milk Run | Y37: FIAPE | Z37: Não | AD37: 0.58333333 | AE37: 20066649000201 | AF37: 16701716003686 | AG37: Peso | AL37: =A37&B37&C37&AD37&AE37&AF37&O37&X37 -> FIAPEWEEK 018000371000,5833333333333332006664900020116701716003686SPMilk Run | AM37: =COUNTIF(PFEP!AW:AW,'Suppliers DB'!AL37) -> 28 | AN37: =COUNT(I37:N37) -> 1 | AO37: =COUNT(P37:U37) -> 1 | AP37: =IF(X37="",0,1) -> 1
A38: FIAPE | B38: WEEK 01 | C38: 800043188 | D38: Dayco Power Transmission LTDA-Indaiatuba-SP | E38: R EDUARDO BORSARI 2435, GALPAO02 | F38: Indaiatuba | G38: SP | H38: Brasil | J38: =VLOOKUP(C38,'[10]Suppliers DB'!$A:$H,8,0) -> 0 | O38: SP | Q38: =VLOOKUP(C38,'[10]Suppliers DB'!$A:$O,15,0) -> 0 | X38: Milk Run | Y38: FIAPE | Z38: Não | AD38: 0.66666667 | AE38: 1083192000452 | AF38: 16701716003686 | AG38: Volume | AL38: =A38&B38&C38&AD38&AE38&AF38&O38&X38 -> FIAPEWEEK 018000431880,666666666666667108319200045216701716003686SPMilk Run | AM38: =COUNTIF(PFEP!AW:AW,'Suppliers DB'!AL38) -> 2 | AN38: =COUNT(I38:N38) -> 1 | AO38: =COUNT(P38:U38) -> 1 | AP38: =IF(X38="",0,1) -> 1
A39: FIAPE | B39: WEEK 01 | C39: 800023936 | D39: DENSO-Santa Barbara Doeste-SP | E39: Avenida Marginal1001polo Indpolo Industrial | F39: Santa Barbara Doeste | G39: SP | H39: Brasil | J39: =VLOOKUP(C39,'[10]Suppliers DB'!$A:$H,8,0) -> 0 | O39: SP | Q39: =VLOOKUP(C39,'[10]Suppliers DB'!$A:$O,15,0) -> 0 | X39: Milk Run | Y39: FIAPE | Z39: Não | AD39: 0.375 | AE39: 43375930000566 | AF39: 16701716003686 | AG39: Volume | AL39: =A39&B39&C39&AD39&AE39&AF39&O39&X39 -> FIAPEWEEK 018000239360,3754337593000056616701716003686SPMilk Run | AM39: =COUNTIF(PFEP!AW:AW,'Suppliers DB'!AL39) -> 2 | AN39: =COUNT(I39:N39) -> 1 | AO39: =COUNT(P39:U39) -> 1 | AP39: =IF(X39="",0,1) -> 1
A40: FIAPE | B40: WEEK 01 | C40: 800006367 | D40: DURA-Rio Grande Da Serra-SP | E40: Av Dom Pedro I743centro | F40: Rio Grande Da Serra | G40: SP | H40: Brasil | J40: =VLOOKUP(C40,'[10]Suppliers DB'!$A:$H,8,0) -> 0 | O40: SP | Q40: =VLOOKUP(C40,'[10]Suppliers DB'!$A:$O,15,0) -> 0 | X40: Milk Run | Y40: FIAPE | Z40: Não | AD40: 0.58333333 | AE40: 57501207000167 | AF40: 16701716003686 | AG40: Volume | AL40: =A40&B40&C40&AD40&AE40&AF40&O40&X40 -> FIAPEWEEK 018000063670,5833333333333335750120700016716701716003686SPMilk Run | AM40: =COUNTIF(PFEP!AW:AW,'Suppliers DB'!AL40) -> 3 | AN40: =COUNT(I40:N40) -> 1 | AO40: =COUNT(P40:U40) -> 1 | AP40: =IF(X40="",0,1) -> 1
A41: FIAPE | B41: WEEK 01 | C41: 800005883 | D41: ELRINGKLINGER-Piracicaba-SP | E41: R Francisco Carlos De Castro Ne945dist Indl Uniles | F41: Piracicaba | G41: SP | H41: Brasil | J41: =VLOOKUP(C41,'[10]Suppliers DB'!$A:$H,8,0) -> 0 | O41: SP | Q41: =VLOOKUP(C41,'[10]Suppliers DB'!$A:$O,15,0) -> 0 | W41: Não recebe veículo Baú | X41: Milk Run | Y41: FIAPE | Z41: Não | AD41: 0.83333333 | AE41: 1576749000144 | AF41: 16701716003686 | AG41: Volume | AL41: =A41&B41&C41&AD41&AE41&AF41&O41&X41 -> FIAPEWEEK 018000058830,833333333333333157674900014416701716003686SPMilk Run | AM41: =COUNTIF(PFEP!AW:AW,'Suppliers DB'!AL41) -> 5 | AN41: =COUNT(I41:N41) -> 1 | AO41: =COUNT(P41:U41) -> 1 | AP41: =IF(X41="",0,1) -> 1
A42: FIAPE | B42: WEEK 01 | C42: 800005139 | D42: EMPRESA BRASILE-Sao Paulo-SP | E42: AV BERNA136VILA FRIBURGO | F42: Sao Paulo | G42: SP | H42: Brasil | J42: =VLOOKUP(C42,'[10]Suppliers DB'!$A:$H,8,0) -> 0 | O42: SP | Q42: =VLOOKUP(C42,'[10]Suppliers DB'!$A:$O,15,0) -> 0 | X42: Milk Run | Y42: FIAPE | Z42: Não | AD42: 0.58333333 | AE42: 7852545000175 | AF42: 16701716003686 | AG42: Volume | AL42: =A42&B42&C42&AD42&AE42&AF42&O42&X42 -> FIAPEWEEK 018000051390,583333333333333785254500017516701716003686SPMilk Run | AM42: =COUNTIF(PFEP!AW:AW,'Suppliers DB'!AL42) -> 3 | AN42: =COUNT(I42:N42) -> 1 | AO42: =COUNT(P42:U42) -> 1 | AP42: =IF(X42="",0,1) -> 1
A43: FIAPE | B43: WEEK 01 | C43: 800039607 | D43: FAURECIA AUTOMOTIVE-Limeira-SP | E43: RODOVIA ENGENHEIRO JOAO TOSSELO S/N | F43: Limeira | G43: SP | H43: Brasil | J43: =VLOOKUP(C43,'[10]Suppliers DB'!$A:$H,8,0) -> 0 | O43: SP | Q43: =VLOOKUP(C43,'[10]Suppliers DB'!$A:$O,15,0) -> 0 | X43: Milk Run | Y43: FIAPE | Z43: Não | AD43: 0.875 | AE43: 1178298002564 | AF43: 16701716003686 | AG43: Volume | AL43: =A43&B43&C43&AD43&AE43&AF43&O43&X43 -> FIAPEWEEK 018000396070,875117829800256416701716003686SPMilk Run | AM43: =COUNTIF(PFEP!AW:AW,'Suppliers DB'!AL43) -> 3 | AN43: =COUNT(I43:N43) -> 1 | AO43: =COUNT(P43:U43) -> 1 | AP43: =IF(X43="",0,1) -> 1
A44: FIAPE | B44: WEEK 01 | C44: 800002553 | D44: FEEDER-Guarulhos-SP | E44: Rua Professor Cavaleiro Salem, 310 | F44: Guarulhos | G44: SP | H44: Brasil | J44: =VLOOKUP(C44,'[10]Suppliers DB'!$A:$H,8,0) -> 0 | O44: SP | Q44: =VLOOKUP(C44,'[10]Suppliers DB'!$A:$O,15,0) -> 0 | W44: Não recebe carreta | X44: Milk Run | Y44: FIAPE | Z44: Não | AD44: 0.70833333 | AE44: 61914768000165 | AF44: 16701716003686 | AG44: Volume | AL44: =A44&B44&C44&AD44&AE44&AF44&O44&X44 -> FIAPEWEEK 018000025530,7083333333333336191476800016516701716003686SPMilk Run | AM44: =COUNTIF(PFEP!AW:AW,'Suppliers DB'!AL44) -> 25 | AN44: =COUNT(I44:N44) -> 1 | AO44: =COUNT(P44:U44) -> 1 | AP44: =IF(X44="",0,1) -> 1
A45: FIAPE | B45: WEEK 01 | C45: 800005945 | D45: FIAMM LATIN-Sao Bernardo Do Campo-SP | E45: Av Piraporinha121.vila Planalto | F45: Sao Bernardo Do Campo | G45: SP | H45: Brasil | J45: =VLOOKUP(C45,'[10]Suppliers DB'!$A:$H,8,0) -> 0 | O45: SP | Q45: =VLOOKUP(C45,'[10]Suppliers DB'!$A:$O,15,0) -> 0 | W45: Não recebe carreta | Apenas Veículos do tipo Sider e Containner | X45: Milk Run | Y45: FIAPE | Z45: Não | AD45: 0.625 | AE45: 2489022000192 | AF45: 16701716003686 | AG45: Volume | AL45: =A45&B45&C45&AD45&AE45&AF45&O45&X45 -> FIAPEWEEK 018000059450,625248902200019216701716003686SPMilk Run | AM45: =COUNTIF(PFEP!AW:AW,'Suppliers DB'!AL45) -> 11 | AN45: =COUNT(I45:N45) -> 1 | AO45: =COUNT(P45:U45) -> 1 | AP45: =IF(X45="",0,1) -> 1
A46: FIAPE | B46: WEEK 01 | C46: 800020974 | D46: FLEXITECH DO BR-Guarulhos-SP | E46: Rua Estrela do Oeste, 624 | F46: Guarulhos | G46: SP | H46: Brasil | J46: =VLOOKUP(C46,'[10]Suppliers DB'!$A:$H,8,0) -> 0 | O46: SP | Q46: =VLOOKUP(C46,'[10]Suppliers DB'!$A:$O,15,0) -> 0 | X46: Milk Run | Y46: FIAPE | Z46: Não | AD46: 0.58333333 | AE46: 11189680000150 | AF46: 16701716003686 | AG46: Volume | AL46: =A46&B46&C46&AD46&AE46&AF46&O46&X46 -> FIAPEWEEK 018000209740,5833333333333331118968000015016701716003686SPMilk Run | AM46: =COUNTIF(PFEP!AW:AW,'Suppliers DB'!AL46) -> 1 | AN46: =COUNT(I46:N46) -> 1 | AO46: =COUNT(P46:U46) -> 1 | AP46: =IF(X46="",0,1) -> 1
A47: FIAPE | B47: WEEK 01 | C47: 800043034 | D47: FLEXTRONICS-Jaguariuna-SP | E47: ROD GOVERNADOR DOUTO S/N, KM 1287 F | F47: Jaguariuna | G47: SP | H47: Brasil | J47: =VLOOKUP(C47,'[10]Suppliers DB'!$A:$H,8,0) -> 0 | O47: SP | Q47: =VLOOKUP(C47,'[10]Suppliers DB'!$A:$O,15,0) -> 0 | X47: Milk Run | Y47: FIAPE | Z47: Não | AD47: 0.41666667 | AE47: 74404229000209 | AF47: 16701716003686 | AG47: Volume | AL47: =A47&B47&C47&AD47&AE47&AF47&O47&X47 -> FIAPEWEEK 018000430340,4166666666666677440422900020916701716003686SPMilk Run | AM47: =COUNTIF(PFEP!AW:AW,'Suppliers DB'!AL47) -> 3 | AN47: =COUNT(I47:N47) -> 1 | AO47: =COUNT(P47:U47) -> 1 | AP47: =IF(X47="",0,1) -> 1
A48: FIAPE | B48: WEEK 01 | C48: 800032191 | D48: GESTAMP-Santa Isabel-SP | E48: Rodovia Presidente Dutra, km 184 | F48: Santa Isabel | G48: SP | H48: Brasil | J48: =VLOOKUP(C48,'[10]Suppliers DB'!$A:$H,8,0) -> 0 | O48: SP | Q48: =VLOOKUP(C48,'[10]Suppliers DB'!$A:$O,15,0) -> 0 | X48: Milk Run | Y48: FIAPE | Z48: Não | AD48: 0.66666667 | AE48: 2147467000780 | AF48: 16701716003686 | AG48: Volume | AL48: =A48&B48&C48&AD48&AE48&AF48&O48&X48 -> FIAPEWEEK 018000321910,666666666666667214746700078016701716003686SPMilk Run | AM48: =COUNTIF(PFEP!AW:AW,'Suppliers DB'!AL48) -> 4 | AN48: =COUNT(I48:N48) -> 1 | AO48: =COUNT(P48:U48) -> 1 | AP48: =IF(X48="",0,1) -> 1
A49: FIAPE | B49: WEEK 01 | C49: 800035797 | D49: HELLA DO BRASIL-Indaiatuba-SP | E49: Estrada Angela Trevisan Ciciliato, 200, Galpão 2, Jardim Oliveira Camargo | F49: Indaiatuba | G49: SP | H49: Brasil | J49: =VLOOKUP(C49,'[10]Suppliers DB'!$A:$H,8,0) -> 0 | O49: SP | Q49: =VLOOKUP(C49,'[10]Suppliers DB'!$A:$O,15,0) -> 0 | X49: Milk Run | Y49: FIAPE | Z49: Não | AD49: 0.625 | AE49: 14502921000400 | AF49: 16701716003686 | AG49: Volume | AL49: =A49&B49&C49&AD49&AE49&AF49&O49&X49 -> FIAPEWEEK 018000357970,6251450292100040016701716003686SPMilk Run | AM49: =COUNTIF(PFEP!AW:AW,'Suppliers DB'!AL49) -> 1 | AN49: =COUNT(I49:N49) -> 1 | AO49: =COUNT(P49:U49) -> 1 | AP49: =IF(X49="",0,1) -> 1
A50: FIAPE | B50: WEEK 01 | C50: 800032272 | D50: HUF DO BRASIL-Atibaia-SP | E50: Rod. Dom Pedro I, Km 827 - Rio Abaixo | F50: Atibaia | G50: SP | H50: Brasil | J50: =VLOOKUP(C50,'[10]Suppliers DB'!$A:$H,8,0) -> 0 | O50: SP | Q50: =VLOOKUP(C50,'[10]Suppliers DB'!$A:$O,15,0) -> 0 | W50: Carregamento pela traseira | X50: Milk Run | Y50: FIAPE | Z50: Não | AD50: 0.875 | AE50: 1941597000131 | AF50: 16701716003686 | AG50: Volume | AL50: =A50&B50&C50&AD50&AE50&AF50&O50&X50 -> FIAPEWEEK 018000322720,875194159700013116701716003686SPMilk Run | AM50: =COUNTIF(PFEP!AW:AW,'Suppliers DB'!AL50) -> 49 | AN50: =COUNT(I50:N50) -> 1 | AO50: =COUNT(P50:U50) -> 1 | AP50: =IF(X50="",0,1) -> 1
A51: FIAPE | B51: WEEK 01 | C51: 800040152 | D51: HWASEUNG AUTOMOTIVE-Piracicaba-SP | E51: R Felipe Zaidan Maluf, 600 | F51: Piracicaba | G51: SP | H51: Brasil | J51: =VLOOKUP(C51,'[10]Suppliers DB'!$A:$H,8,0) -> 0 | O51: SP | Q51: =VLOOKUP(C51,'[10]Suppliers DB'!$A:$O,15,0) -> 0 | X51: Milk Run | Y51: FIAPE | Z51: Não | AD51: 0.375 | AE51: 22751114000106 | AF51: 16701716003686 | AG51: Volume | AL51: =A51&B51&C51&AD51&AE51&AF51&O51&X51 -> FIAPEWEEK 018000401520,3752275111400010616701716003686SPMilk Run | AM51: =COUNTIF(PFEP!AW:AW,'Suppliers DB'!AL51) -> 11 | AN51: =COUNT(I51:N51) -> 1 | AO51: =COUNT(P51:U51) -> 1 | AP51: =IF(X51="",0,1) -> 1
A52: FIAPE | B52: WEEK 01 | C52: 800016859 | D52: CONTINENTAL-Varzea Paulista-SP | E52: Avenida Duque De Caxias2422prñdio Ajardim Santa Lu | F52: Varzea Paulista | G52: SP | H52: Brasil | J52: =VLOOKUP(C52,'[10]Suppliers DB'!$A:$H,8,0) -> 1.524 | O52: SP | Q52: =VLOOKUP(C52,'[10]Suppliers DB'!$A:$O,15,0) -> 353.4 | X52: Milk Run | Y52: FIAPE | Z52: Não | AD52: 0.375 | AE52: 11111752000146 | AF52: 16701716003686 | AG52: Volume | AL52: =A52&B52&C52&AD52&AE52&AF52&O52&X52 -> FIAPEWEEK 018000168590,3751111175200014616701716003686SPMilk Run | AM52: =COUNTIF(PFEP!AW:AW,'Suppliers DB'!AL36) -> 1 | AN52: =COUNT(I52:N52) -> 1 | AO52: =COUNT(P52:U52) -> 1 | AP52: =IF(X52="",0,1) -> 1
A53: FIAPE | B53: WEEK 01 | C53: 800040187 | D53: INDEMETAL-ITU-SP | E53: R ELOY RICCI 272 | F53: ITU | G53: SP | H53: Brasil | J53: =VLOOKUP(C53,'[10]Suppliers DB'!$A:$H,8,0) -> 0 | O53: SP | Q53: =VLOOKUP(C53,'[10]Suppliers DB'!$A:$O,15,0) -> 0 | X53: Milk Run | Y53: FIAPE | Z53: Não | AD53: 0.375 | AE53: 48985899000175 | AF53: 16701716003686 | AG53: Volume | AL53: =A53&B53&C53&AD53&AE53&AF53&O53&X53 -> FIAPEWEEK 018000401870,3754898589900017516701716003686SPMilk Run | AM53: =COUNTIF(PFEP!AW:AW,'Suppliers DB'!AL53) -> 18 | AN53: =COUNT(I53:N53) -> 1 | AO53: =COUNT(P53:U53) -> 1 | AP53: =IF(X53="",0,1) -> 1
A54: FIAPE | B54: WEEK 01 | C54: 800002404 | D54: INDUSTRIA LIPOS-Maua-SP | E54: Av Queiroz Pedroso80centro | F54: Maua | G54: SP | H54: Brasil | J54: =VLOOKUP(C54,'[10]Suppliers DB'!$A:$H,8,0) -> 0 | O54: SP | Q54: =VLOOKUP(C54,'[10]Suppliers DB'!$A:$O,15,0) -> 0 | W54: Não recebe carreta | X54: Milk Run | Y54: FIAPE | Z54: Não | AD54: 0.625 | AE54: 57486326000198 | AF54: 16701716003686 | AG54: Volume | AL54: =A54&B54&C54&AD54&AE54&AF54&O54&X54 -> FIAPEWEEK 018000024040,6255748632600019816701716003686SPMilk Run | AM54: =COUNTIF(PFEP!AW:AW,'Suppliers DB'!AL54) -> 4 | AN54: =COUNT(I54:N54) -> 1 | AO54: =COUNT(P54:U54) -> 1 | AP54: =IF(X54="",0,1) -> 1
A55: FIAPE | B55: WEEK 01 | C55: 800002464 | D55: INDUSTRIAS MANGOTEX-Itu-SP | E55: Avenida Sete Quedas, 1880 - Matadouro | F55: Itu | G55: SP | H55: Brasil | J55: =VLOOKUP(C55,'[10]Suppliers DB'!$A:$H,8,0) -> 0 | O55: SP | Q55: =VLOOKUP(C55,'[10]Suppliers DB'!$A:$O,15,0) -> 0 | W55: Não recebe carreta | X55: Milk Run | Y55: FIAPE | Z55: Não | AD55: 0.375 | AE55: 841654000148 | AF55: 16701716003686 | AG55: Volume | AL55: =A55&B55&C55&AD55&AE55&AF55&O55&X55 -> FIAPEWEEK 018000024640,37584165400014816701716003686SPMilk Run | AM55: =COUNTIF(PFEP!AW:AW,'Suppliers DB'!AL55) -> 9 | AN55: =COUNT(I55:N55) -> 1 | AO55: =COUNT(P55:U55) -> 1 | AP55: =IF(X55="",0,1) -> 1
A56: FIAPE | B56: WEEK 01 | C56: 800048129 | D56: NEUMAYER TEKFOR-Jundiai-SP | E56: Avenida Arquimedes500distrito Industrial | F56: Jundiai | G56: SP | H56: Brasil | J56: =VLOOKUP(C56,'[10]Suppliers DB'!$A:$H,8,0) -> 1.68 | O56: SP | Q56: =VLOOKUP(C56,'[10]Suppliers DB'!$A:$O,15,0) -> 1787.64 | X56: Milk Run | Y56: FIAPE | Z56: Não | AD56: 0.66666667 | AE56: 61096996000175 | AF56: 16701716003686 | AG56: Volume | AL56: =A56&B56&C56&AD56&AE56&AF56&O56&X56 -> FIAPEWEEK 018000481290,6666666666666676109699600017516701716003686SPMilk Run | AM56: =COUNTIF(PFEP!AW:AW,'Suppliers DB'!AL74) -> 23 | AN56: =COUNT(I56:N56) -> 1 | AO56: =COUNT(P56:U56) -> 1 | AP56: =IF(X56="",0,1) -> 1
A57: FIAPE | B57: WEEK 01 | C57: 800006101 | D57: ITW DELFAST-Sao Paulo-SP | E57: Av Guarapiranga1389capela Do Socorro | F57: Sao Paulo | G57: SP | H57: Brasil | J57: =VLOOKUP(C57,'[10]Suppliers DB'!$A:$H,8,0) -> 0 | O57: SP | Q57: =VLOOKUP(C57,'[10]Suppliers DB'!$A:$O,15,0) -> 0 | W57: Não recebe carreta | X57: Milk Run | Y57: FIAPE | Z57: Não | AD57: 0.58333333 | AE57: 33034935000148 | AF57: 16701716003686 | AG57: Volume | AL57: =A57&B57&C57&AD57&AE57&AF57&O57&X57 -> FIAPEWEEK 018000061010,5833333333333333303493500014816701716003686SPMilk Run | AM57: =COUNTIF(PFEP!AW:AW,'Suppliers DB'!AL57) -> 15 | AN57: =COUNT(I57:N57) -> 1 | AO57: =COUNT(P57:U57) -> 1 | AP57: =IF(X57="",0,1) -> 1
A58: FIAPE | B58: WEEK 01 | C58: 800006109 | D58: JL INDUSTRIA-Sao Paulo-SP | E58: R Gabriel Covelli58casa Verde | F58: Sao Paulo | G58: SP | H58: Brasil | J58: =VLOOKUP(C58,'[10]Suppliers DB'!$A:$H,8,0) -> 0 | O58: SP | Q58: =VLOOKUP(C58,'[10]Suppliers DB'!$A:$O,15,0) -> 0 | X58: Milk Run | Y58: FIAPE | Z58: Não | AD58: 0.375 | AE58: 47697636000106 | AF58: 16701716003686 | AG58: Volume | AL58: =A58&B58&C58&AD58&AE58&AF58&O58&X58 -> FIAPEWEEK 018000061090,3754769763600010616701716003686SPMilk Run | AM58: =COUNTIF(PFEP!AW:AW,'Suppliers DB'!AL58) -> 1 | AN58: =COUNT(I58:N58) -> 1 | AO58: =COUNT(P58:U58) -> 1 | AP58: =IF(X58="",0,1) -> 1
A59: FIAPE | B59: WEEK 01 | C59: 800000823 | D59: JOHNSON ARUJA-ARUJA-SP | E59: AV GOVER MARIO COVAS JUNIOR 2755 | F59: ARUJA | G59: SP | H59: Brasil | J59: =VLOOKUP(C59,'[10]Suppliers DB'!$A:$H,8,0) -> 0 | O59: SP | Q59: =VLOOKUP(C59,'[10]Suppliers DB'!$A:$O,15,0) -> 0 | X59: Milk Run | Y59: FIAPE | Z59: Não | AD59: 0.83333333 | AE59: 3979800000194 | AF59: 16701716003686 | AG59: Volume | AL59: =A59&B59&C59&AD59&AE59&AF59&O59&X59 -> FIAPEWEEK 018000008230,833333333333333397980000019416701716003686SPMilk Run | AM59: =COUNTIF(PFEP!AW:AW,'Suppliers DB'!AL59) -> 3 | AN59: =COUNT(I59:N59) -> 1 | AO59: =COUNT(P59:U59) -> 1 | AP59: =IF(X59="",0,1) -> 1
A60: FIAPE | B60: WEEK 01 | C60: 800006335 | D60: JOYSON SAFETY-Jundiai-SP | E60: Rdv D Gabriel P Bueno Coutos/nkm 66medeiros | F60: Jundiai | G60: SP | H60: Brasil | J60: =VLOOKUP(C60,'[10]Suppliers DB'!$A:$H,8,0) -> 0 | O60: SP | Q60: =VLOOKUP(C60,'[10]Suppliers DB'!$A:$O,15,0) -> 0 | X60: Milk Run | Y60: FIAPE | Z60: Não | AD60: 0.83333333 | AE60: 59106245000140 | AF60: 16701716003686 | AG60: Volume | AL60: =A60&B60&C60&AD60&AE60&AF60&O60&X60 -> FIAPEWEEK 018000063350,8333333333333335910624500014016701716003686SPMilk Run | AM60: =COUNTIF(PFEP!AW:AW,'Suppliers DB'!AL60) -> 49 | AN60: =COUNT(I60:N60) -> 1 | AO60: =COUNT(P60:U60) -> 1 | AP60: =IF(X60="",0,1) -> 1
A61: FIAPE | B61: WEEK 01 | C61: 800013988 | D61: KONGSBERG-Jundiai-SP | E61: AVENIDA ARQUIMEDES1021JARDIM GUANABARA | F61: Jundiai | G61: SP | H61: BRASIL | J61: =VLOOKUP(C61,'[10]Suppliers DB'!$A:$H,8,0) -> 0 | O61: SP | Q61: =VLOOKUP(C61,'[10]Suppliers DB'!$A:$O,15,0) -> 0 | X61: Milk Run | Y61: FIAPE | Z61: Não | AB61: - | AD61: 0.625 | AE61: 2844748000104 | AF61: 16701716003686 | AG61: Volume | AL61: =A61&B61&C61&AD61&AE61&AF61&O61&X61 -> FIAPEWEEK 018000139880,625284474800010416701716003686SPMilk Run | AM61: =COUNTIF(PFEP!AW:AW,'Suppliers DB'!AL61) -> 3 | AN61: =COUNT(I61:N61) -> 1 | AO61: =COUNT(P61:U61) -> 1 | AP61: =IF(X61="",0,1) -> 1
A62: FIAPE | B62: WEEK 01 | C62: 800018982 | D62: L&L PRODUCTS-Indaiatuba-SP | E62: R Antonia Martins Luiz632 Distrito Industrial Joao Narezzi | F62: Indaiatuba | G62: SP | H62: Brasil | J62: =VLOOKUP(C62,'[10]Suppliers DB'!$A:$H,8,0) -> 0 | O62: SP | Q62: =VLOOKUP(C62,'[10]Suppliers DB'!$A:$O,15,0) -> 0 | X62: Milk Run | Y62: FIAPE | Z62: Não | AD62: 0.375 | AE62: 10806433000192 | AF62: 16701716003686 | AG62: Volume | AL62: =A62&B62&C62&AD62&AE62&AF62&O62&X62 -> FIAPEWEEK 018000189820,3751080643300019216701716003686SPMilk Run | AM62: =COUNTIF(PFEP!AW:AW,'Suppliers DB'!AL62) -> 56 | AN62: =COUNT(I62:N62) -> 1 | AO62: =COUNT(P62:U62) -> 1 | AP62: =IF(X62="",0,1) -> 1
A63: FIAPE | B63: WEEK 01 | C63: 800008855 | D63: LITENS-Atibaia-SP | E63: Rodovia Dom Pedro Primeirokm 87,5pista Nortponte A | F63: Atibaia | G63: SP | H63: Brasil | J63: =VLOOKUP(C63,'[10]Suppliers DB'!$A:$H,8,0) -> 0 | O63: SP | Q63: =VLOOKUP(C63,'[10]Suppliers DB'!$A:$O,15,0) -> 0 | W63: Carregamento pela traseira | X63: Milk Run | Y63: FIAPE | Z63: Não | AD63: 0.45833333 | AE63: 2588877000170 | AF63: 16701716003686 | AG63: Volume | AL63: =A63&B63&C63&AD63&AE63&AF63&O63&X63 -> FIAPEWEEK 018000088550,458333333333333258887700017016701716003686SPMilk Run | AM63: =COUNTIF(PFEP!AW:AW,'Suppliers DB'!AL63) -> 2 | AN63: =COUNT(I63:N63) -> 1 | AO63: =COUNT(P63:U63) -> 1 | AP63: =IF(X63="",0,1) -> 1
A64: FIAPE | B64: WEEK 01 | C64: 800034253 | D64: M.S.AMBROGIO-Sao Jose Dos Campos-SP | E64: LOANDA 613 | F64: Sao Jose Dos Campos | G64: SP | H64: Brasil | J64: =VLOOKUP(C64,'[10]Suppliers DB'!$A:$H,8,0) -> 0 | O64: SP | Q64: =VLOOKUP(C64,'[10]Suppliers DB'!$A:$O,15,0) -> 0 | X64: Milk Run | Y64: FIAPE | Z64: Não | AD64: 0.58333333 | AE64: 2949991000189 | AF64: 16701716003686 | AG64: Volume | AL64: =A64&B64&C64&AD64&AE64&AF64&O64&X64 -> FIAPEWEEK 018000342530,583333333333333294999100018916701716003686SPMilk Run | AM64: =COUNTIF(PFEP!AW:AW,'Suppliers DB'!AL64) -> 2 | AN64: =COUNT(I64:N64) -> 1 | AO64: =COUNT(P64:U64) -> 1 | AP64: =IF(X64="",0,1) -> 1
A65: FIAPE | B65: WEEK 01 | C65: 800006248 | D65: MAGNA-Vinhedo-SP | E65: Rdv Miguel Melhado Camposs/nkm 79,5 Lamoinho | F65: Vinhedo | G65: SP | H65: Brasil | J65: =VLOOKUP(C65,'[10]Suppliers DB'!$A:$H,8,0) -> 0 | O65: SP | Q65: =VLOOKUP(C65,'[10]Suppliers DB'!$A:$O,15,0) -> 0 | X65: Milk Run | Y65: FIAPE | Z65: Não | AD65: 0.6875 | AE65: 970934000156 | AF65: 16701716003686 | AG65: Volume | AL65: =A65&B65&C65&AD65&AE65&AF65&O65&X65 -> FIAPEWEEK 018000062480,687597093400015616701716003686SPMilk Run | AM65: =COUNTIF(PFEP!AW:AW,'Suppliers DB'!AL65) -> 69 | AN65: =COUNT(I65:N65) -> 1 | AO65: =COUNT(P65:U65) -> 1 | AP65: =IF(X65="",0,1) -> 1
A66: FIAPE | B66: WEEK 01 | C66: 800006305 | D66: PLASCAR COMPONETES-Jundiai-SP | E66: AV WILHELM WINTER 300 | F66: Jundiai | G66: SP | H66: Brasil | J66: =VLOOKUP(C66,'[10]Suppliers DB'!$A:$H,8,0) -> 5.08 | O66: SP | Q66: =VLOOKUP(C66,'[10]Suppliers DB'!$A:$O,15,0) -> 436.772 | X66: Milk Run | Y66: FIAPE | Z66: Não | AD66: 0.79166667 | AE66: 50935576000119 | AF66: 16701716003686 | AG66: Volume | AL66: =A66&B66&C66&AD66&AE66&AF66&O66&X66 -> FIAPEWEEK 018000063050,7916666666666675093557600011916701716003686SPMilk Run | AM66: =COUNTIF(PFEP!AW:AW,'Suppliers DB'!AL78) -> 20 | AN66: =COUNT(I66:N66) -> 1 | AO66: =COUNT(P66:U66) -> 1 | AP66: =IF(X66="",0,1) -> 1
A67: FIAPE | B67: WEEK 01 | C67: 800000059 | D67: MAGNETI MARELLI SISTEMAS II-Hortolandia-SP | E67: Av Da Emancipacao801galpao 04jd. Santa Rita De Cas | F67: Hortolandia | G67: SP | H67: Brasil | J67: =VLOOKUP(C67,'[10]Suppliers DB'!$A:$H,8,0) -> 0 | O67: SP | Q67: =VLOOKUP(C67,'[10]Suppliers DB'!$A:$O,15,0) -> 0 | X67: Milk Run | Y67: FIAPE | Z67: Não | AD67: 0.39583333 | AE67: 2990605000950 | AF67: 16701716003686 | AG67: Volume | AL67: =A67&B67&C67&AD67&AE67&AF67&O67&X67 -> FIAPEWEEK 018000000590,395833333333333299060500095016701716003686SPMilk Run | AM67: =COUNTIF(PFEP!AW:AW,'Suppliers DB'!AL67) -> 10 | AN67: =COUNT(I67:N67) -> 1 | AO67: =COUNT(P67:U67) -> 1 | AP67: =IF(X67="",0,1) -> 1
A68: FIAPE | B68: WEEK 01 | C68: 800006506 | D68: SKF DO BRASIL-Cajamar-SP | E68: ROD ANHANGUERA S/N, KM 30 | F68: Cajamar | G68: SP | H68: Brasil | J68: =VLOOKUP(C68,'[10]Suppliers DB'!$A:$H,8,0) -> 7.5253719 | O68: SP | Q68: =VLOOKUP(C68,'[10]Suppliers DB'!$A:$O,15,0) -> 6153.0304 | X68: Milk Run | Y68: FIAPE | Z68: Não | AD68: 0.66666667 | AE68: 61077327000156 | AF68: 16701716003686 | AG68: Volume | AL68: =A68&B68&C68&AD68&AE68&AF68&O68&X68 -> FIAPEWEEK 018000065060,6666666666666676107732700015616701716003686SPMilk Run | AM68: =COUNTIF(PFEP!AW:AW,'Suppliers DB'!AL85) -> 72 | AN68: =COUNT(I68:N68) -> 1 | AO68: =COUNT(P68:U68) -> 1 | AP68: =IF(X68="",0,1) -> 1
A69: FIAPE | B69: WEEK 01 | C69: 800000057 | D69: MAGNETI MARELLI SISTEMAS I-Hortolandia-SP | E69: Av Da Emancipacao801galpao 04jd. Santa Rita De Cas | F69: Hortolandia | G69: SP | H69: Brasil | J69: =VLOOKUP(C69,'[10]Suppliers DB'!$A:$H,8,0) -> 9.906 | O69: SP | Q69: =VLOOKUP(C69,'[10]Suppliers DB'!$A:$O,15,0) -> 1158.816 | X69: Milk Run | Y69: FIAPE | Z69: Não | AD69: 0.35416667 | AE69: 2990605000607 | AF69: 16701716003686 | AG69: Volume | AL69: =A69&B69&C69&AD69&AE69&AF69&O69&X69 -> FIAPEWEEK 018000000570,354166666666667299060500060716701716003686SPMilk Run | AM69: =COUNTIF(PFEP!AW:AW,'Suppliers DB'!AL66) -> 5 | AN69: =COUNT(I69:N69) -> 1 | AO69: =COUNT(P69:U69) -> 1 | AP69: =IF(X69="",0,1) -> 1
A70: FIAPE | B70: WEEK 01 | C70: 800003752 | D70: MAHLE-Mogi-guacu-SP | E70: Av Ernst Mahle1500mombaca | F70: Mogi-guacu | G70: SP | H70: Brasil | J70: =VLOOKUP(C70,'[10]Suppliers DB'!$A:$H,8,0) -> 0 | O70: SP | Q70: =VLOOKUP(C70,'[10]Suppliers DB'!$A:$O,15,0) -> 0 | X70: Milk Run | Y70: FIAPE | Z70: Não | AD70: 0.64583333 | AE70: 60476884000268 | AF70: 16701716003686 | AG70: Volume | AL70: =A70&B70&C70&AD70&AE70&AF70&O70&X70 -> FIAPEWEEK 018000037520,6458333333333336047688400026816701716003686SPMilk Run | AM70: =COUNTIF(PFEP!AW:AW,'Suppliers DB'!AL70) -> 12 | AN70: =COUNT(I70:N70) -> 1 | AO70: =COUNT(P70:U70) -> 1 | AP70: =IF(X70="",0,1) -> 1
A71: FIAPE | B71: WEEK 01 | C71: 800005863 | D71: MOVENT AUTOMOTIVE-Diadema-SP | E71: Av Fukuichi Nakata451539jardim Dos Campeoes | F71: Diadema | G71: SP | H71: Brasil | J71: =VLOOKUP(C71,'[10]Suppliers DB'!$A:$H,8,0) -> 0 | O71: SP | Q71: =VLOOKUP(C71,'[10]Suppliers DB'!$A:$O,15,0) -> 0 | X71: Milk Run | Y71: FIAPE | Z71: Não | AD71: 0.875 | AE71: 61091963000647 | AF71: 16701716003686 | AG71: Volume | AL71: =A71&B71&C71&AD71&AE71&AF71&O71&X71 -> FIAPEWEEK 018000058630,8756109196300064716701716003686SPMilk Run | AM71: =COUNTIF(PFEP!AW:AW,'Suppliers DB'!AL71) -> 3 | AN71: =COUNT(I71:N71) -> 1 | AO71: =COUNT(P71:U71) -> 1 | AP71: =IF(X71="",0,1) -> 1
A72: FIAPE | B72: WEEK 01 | C72: 800000404 | D72: MTA-Aruja-SP | E72: Av Takara Belmont,370centro Industrial | F72: Aruja | G72: SP | H72: Brasil | J72: =VLOOKUP(C72,'[10]Suppliers DB'!$A:$H,8,0) -> 0 | O72: SP | Q72: =VLOOKUP(C72,'[10]Suppliers DB'!$A:$O,15,0) -> 0 | W72: Não recebe carreta | X72: Milk Run | Y72: FIAPE | Z72: Não | AD72: 0.41666667 | AE72: 930643000134 | AF72: 16701716003686 | AG72: Volume | AL72: =A72&B72&C72&AD72&AE72&AF72&O72&X72 -> FIAPEWEEK 018000004040,41666666666666793064300013416701716003686SPMilk Run | AM72: =COUNTIF(PFEP!AW:AW,'Suppliers DB'!AL72) -> 10 | AN72: =COUNT(I72:N72) -> 1 | AO72: =COUNT(P72:U72) -> 1 | AP72: =IF(X72="",0,1) -> 1
A73: FIAPE | B73: WEEK 01 | C73: 800022005 | D73: POLISTAMPO-São Bernardo do Campo-SP | E73: Av. Humberto de Alencar Castelo Branco, 1230 | F73: São Bernardo do Campo | G73: SP | H73: Brasil | J73: =VLOOKUP(C73,'[10]Suppliers DB'!$A:$H,8,0) -> 12.4848 | O73: SP | Q73: =VLOOKUP(C73,'[10]Suppliers DB'!$A:$O,15,0) -> 11346.636 | X73: Milk Run | Y73: FIAPE | Z73: Não | AD73: 0.91666667 | AE73: 51120079000125 | AF73: 16701716003686 | AG73: Volume | AL73: =A73&B73&C73&AD73&AE73&AF73&O73&X73 -> FIAPEWEEK 018000220050,9166666666666675112007900012516701716003686SPMilk Run | AM73: =COUNTIF(PFEP!AW:AW,'Suppliers DB'!AL105) -> 70 | AN73: =COUNT(I73:N73) -> 1 | AO73: =COUNT(P73:U73) -> 1 | AP73: =IF(X73="",0,1) -> 1
A74: FIAPE | B74: WEEK 01 | C74: 800033128 | D74: MAHLE-Jaguariuna-SP | E74: R Vicenzo Grancheli10centro | F74: Jaguariuna | G74: SP | H74: Brasil | J74: =VLOOKUP(C74,'[10]Suppliers DB'!$A:$H,8,0) -> 13.416 | O74: SP | Q74: =VLOOKUP(C74,'[10]Suppliers DB'!$A:$O,15,0) -> 6500 | X74: Milk Run | Y74: FIAPE | Z74: Não | AD74: 0.64583333 | AE74: 20985558000180 | AF74: 16701716003686 | AG74: Volume | AL74: =A74&B74&C74&AD74&AE74&AF74&O74&X74 -> FIAPEWEEK 018000331280,6458333333333332098555800018016701716003686SPMilk Run | AM74: =COUNTIF(PFEP!AW:AW,'Suppliers DB'!AL69) -> 113 | AN74: =COUNT(I74:N74) -> 1 | AO74: =COUNT(P74:U74) -> 1 | AP74: =IF(X74="",0,1) -> 1
A75: FIAPE | B75: WEEK 01 | C75: 800027082 | D75: NICHIBRAS INDUS I-Embu-SP | E75: Rua Louis Pasteur, 738, Parque Industrial | F75: Embu | G75: SP | H75: Brasil | J75: =VLOOKUP(C75,'[10]Suppliers DB'!$A:$H,8,0) -> 0 | O75: SP | Q75: =VLOOKUP(C75,'[10]Suppliers DB'!$A:$O,15,0) -> 0 | X75: Milk Run | Y75: FIAPE | Z75: Não | AD75: 0.60416667 | AE75: 54251293000290 | AF75: 16701716003686 | AG75: Volume | AL75: =A75&B75&C75&AD75&AE75&AF75&O75&X75 -> FIAPEWEEK 018000270820,6041666666666675425129300029016701716003686SPMilk Run | AM75: =COUNTIF(PFEP!AW:AW,'Suppliers DB'!AL75) -> 4 | AN75: =COUNT(I75:N75) -> 1 | AO75: =COUNT(P75:U75) -> 1 | AP75: =IF(X75="",0,1) -> 1
A76: FIAPE | B76: WEEK 01 | C76: 800017855 | D76: NICHIBRAS INDUS II-Embu-SP | E76: Rua das Araucárias, 218, Parque Industrial | F76: Embu | G76: SP | H76: Brasil | J76: =VLOOKUP(C76,'[10]Suppliers DB'!$A:$H,8,0) -> 0 | O76: SP | Q76: =VLOOKUP(C76,'[10]Suppliers DB'!$A:$O,15,0) -> 0 | X76: Milk Run | Y76: FIAPE | Z76: Não | AD76: 0.625 | AE76: 54251293000109 | AF76: 16701716003686 | AG76: Volume | AL76: =A76&B76&C76&AD76&AE76&AF76&O76&X76 -> FIAPEWEEK 018000178550,6255425129300010916701716003686SPMilk Run | AM76: =COUNTIF(PFEP!AW:AW,'Suppliers DB'!AL76) -> 5 | AN76: =COUNT(I76:N76) -> 1 | AO76: =COUNT(P76:U76) -> 1 | AP76: =IF(X76="",0,1) -> 1
A77: FIAPE | B77: WEEK 01 | C77: 800008235 | D77: NITTO-Santana de Parnaiba-SP | E77: Rua Charles Goodyear, 420 | F77: Santana de Parnaiba | G77: SP | H77: Brasil | J77: =VLOOKUP(C77,'[10]Suppliers DB'!$A:$H,8,0) -> 14.8932 | O77: SP | Q77: =VLOOKUP(C77,'[10]Suppliers DB'!$A:$O,15,0) -> 6420.88 | X77: Milk Run | Y77: FIAPE | Z77: Não | AD77: 0.625 | AE77: 4140522000140 | AF77: 16701716003686 | AG77: Volume | AL77: =A77&B77&C77&AD77&AE77&AF77&O77&X77 -> FIAPEWEEK 018000082350,625414052200014016701716003686SPMilk Run | AM77: =COUNTIF(PFEP!AW:AW,'Suppliers DB'!AL77) -> 8 | AN77: =COUNT(I77:N77) -> 1 | AO77: =COUNT(P77:U77) -> 1 | AP77: =IF(X77="",0,1) -> 1
A78: FIAPE | B78: WEEK 01 | C78: 800005848 | D78: A. RAYMOND-Vinhedo-SP | E78: Avenida Comendador Joao Lucas555distrito Industria | F78: Vinhedo | G78: SP | H78: Brasil | J78: =VLOOKUP(C78,'[10]Suppliers DB'!$A:$H,8,0) -> 14.9832 | O78: SP | Q78: =VLOOKUP(C78,'[10]Suppliers DB'!$A:$O,15,0) -> 2002.965 | X78: Milk Run | Y78: FIAPE | Z78: Não | AD78: 0.83333333 | AE78: 1144384000189 | AF78: 16701716003686 | AG78: Volume | AL78: =A78&B78&C78&AD78&AE78&AF78&O78&X78 -> FIAPEWEEK 018000058480,833333333333333114438400018916701716003686SPMilk Run | AM78: =COUNTIF(PFEP!AW:AW,'Suppliers DB'!AL13) -> 0 | AN78: =COUNT(I78:N78) -> 1 | AO78: =COUNT(P78:U78) -> 1 | AP78: =IF(X78="",0,1) -> 1
A79: FIAPE | B79: WEEK 01 | C79: 800002887 | D79: PROGERAL-Ipero-SP | E79: R Walter Barufaldi, 300 | F79: Ipero | G79: SP | H79: Brasil | J79: =VLOOKUP(C79,'[10]Suppliers DB'!$A:$H,8,0) -> #N/A | O79: SP | Q79: =VLOOKUP(C79,'[10]Suppliers DB'!$A:$O,15,0) -> #N/A | X79: Milk Run | Y79: FIAPE | Z79: Não | AD79: 0.41666667 | AE79: 61309746000338 | AF79: 16701716003686 | AG79: Volume | AL79: =A79&B79&C79&AD79&AE79&AF79&O79&X79 -> FIAPEWEEK 018000028870,4166666666666676130974600033816701716003686SPMilk Run | AM79: =COUNTIF(PFEP!AW:AW,'Suppliers DB'!AL79) -> 1 | AN79: =COUNT(I79:N79) -> 0 | AO79: =COUNT(P79:U79) -> 0 | AP79: =IF(X79="",0,1) -> 1
A80: FIAPE | B80: WEEK 01 | C80: 800006389 | D80: REFAL INDUSTRIA-Sao Paulo-SP | E80: R Ricardo Cavatton226lapa | F80: Sao Paulo | G80: SP | H80: Brasil | J80: =VLOOKUP(C80,'[10]Suppliers DB'!$A:$H,8,0) -> 0 | O80: SP | Q80: =VLOOKUP(C80,'[10]Suppliers DB'!$A:$O,15,0) -> 0 | W80: Vuc ou veículos menores | X80: Milk Run | Y80: FIAPE | Z80: Não | AD80: 0.45833333 | AE80: 58357278000109 | AF80: 16701716003686 | AG80: Volume | AL80: =A80&B80&C80&AD80&AE80&AF80&O80&X80 -> FIAPEWEEK 018000063890,4583333333333335835727800010916701716003686SPMilk Run | AM80: =COUNTIF(PFEP!AW:AW,'Suppliers DB'!AL80) -> 9 | AN80: =COUNT(I80:N80) -> 1 | AO80: =COUNT(P80:U80) -> 1 | AP80: =IF(X80="",0,1) -> 1
A81: FIAPE | B81: WEEK 01 | C81: 800033665 | D81: REFAL-Jundiai-SP | E81: Av Antonio Frederico Ozanan 11000 | F81: Jundiai | G81: SP | H81: Brasil | J81: =VLOOKUP(C81,'[10]Suppliers DB'!$A:$H,8,0) -> 0 | O81: SP | Q81: =VLOOKUP(C81,'[10]Suppliers DB'!$A:$O,15,0) -> 0 | X81: Milk Run | Y81: FIAPE | Z81: Não | AD81: 0.58333333 | AE81: 58357278000281 | AF81: 16701716003686 | AG81: Volume | AL81: =A81&B81&C81&AD81&AE81&AF81&O81&X81 -> FIAPEWEEK 018000336650,5833333333333335835727800028116701716003686SPMilk Run | AM81: =COUNTIF(PFEP!AW:AW,'Suppliers DB'!AL81) -> 24 | AN81: =COUNT(I81:N81) -> 1 | AO81: =COUNT(P81:U81) -> 1 | AP81: =IF(X81="",0,1) -> 1
A82: FIAPE | B82: WEEK 01 | C82: 800006397 | D82: REVEST CAR-Sao Paulo-SP | E82: R Silva Bueno300310 Parteipiranga | F82: Sao Paulo | G82: SP | H82: Brasil | J82: =VLOOKUP(C82,'[10]Suppliers DB'!$A:$H,8,0) -> 0 | O82: SP | Q82: =VLOOKUP(C82,'[10]Suppliers DB'!$A:$O,15,0) -> 0 | W82: Vuc ou veículos menores | X82: Milk Run | Y82: FIAPE | Z82: Não | AD82: 0.97916667 | AE82: 347742000198 | AF82: 16701716003686 | AG82: Volume | AL82: =A82&B82&C82&AD82&AE82&AF82&O82&X82 -> FIAPEWEEK 018000063970,97916666666666734774200019816701716003686SPMilk Run | AM82: =COUNTIF(PFEP!AW:AW,'Suppliers DB'!AL82) -> 10 | AN82: =COUNT(I82:N82) -> 1 | AO82: =COUNT(P82:U82) -> 1 | AP82: =IF(X82="",0,1) -> 1
A83: FIAPE | B83: WEEK 01 | C83: 800006463 | D83: SCHAEFFLER-Sorocaba-SP | E83: Av Independencia3500aeden | F83: Sorocaba | G83: SP | H83: Brasil | J83: =VLOOKUP(C83,'[10]Suppliers DB'!$A:$H,8,0) -> 0 | O83: SP | Q83: =VLOOKUP(C83,'[10]Suppliers DB'!$A:$O,15,0) -> 0 | X83: Milk Run | Y83: FIAPE | Z83: Não | AD83: 0.6875 | AE83: 57000036000192 | AF83: 16701716003686 | AG83: Volume | AL83: =A83&B83&C83&AD83&AE83&AF83&O83&X83 -> FIAPEWEEK 018000064630,68755700003600019216701716003686SPMilk Run | AM83: =COUNTIF(PFEP!AW:AW,'Suppliers DB'!AL83) -> 6 | AN83: =COUNT(I83:N83) -> 1 | AO83: =COUNT(P83:U83) -> 1 | AP83: =IF(X83="",0,1) -> 1
A84: FIAPE | B84: WEEK 01 | C84: 800035917 | D84: SEG AUTOMOTIVE-Itupeva-SP | E84: EST. JOAQUIM BUENO NETO 9835 | F84: Itupeva | G84: SP | H84: Brasil | J84: =VLOOKUP(C84,'[10]Suppliers DB'!$A:$H,8,0) -> 0 | O84: SP | Q84: =VLOOKUP(C84,'[10]Suppliers DB'!$A:$O,15,0) -> 0 | X84: Milk Run | Y84: FIAPE | Z84: Não | AD84: 0.54166667 | AE84: 24649652000110 | AF84: 16701716003686 | AG84: Volume | AL84: =A84&B84&C84&AD84&AE84&AF84&O84&X84 -> FIAPEWEEK 018000359170,5416666666666672464965200011016701716003686SPMilk Run | AM84: =COUNTIF(PFEP!AW:AW,'Suppliers DB'!AL84) -> 9 | AN84: =COUNT(I84:N84) -> 1 | AO84: =COUNT(P84:U84) -> 1 | AP84: =IF(X84="",0,1) -> 1
A85: FIAPE | B85: WEEK 01 | C85: 800028458 | D85: ITAESBRA-Diadema-SP | E85: Avenida Piraporinha1210vila Nogueira | F85: Diadema | G85: SP | H85: Brasil | J85: =VLOOKUP(C85,'[10]Suppliers DB'!$A:$H,8,0) -> 15.061118 | O85: SP | Q85: =VLOOKUP(C85,'[10]Suppliers DB'!$A:$O,15,0) -> 11013.162 | X85: Milk Run | Y85: FIAPE | Z85: Não | AD85: 0.875 | AE85: 61381323000248 | AF85: 16701716003686 | AG85: Volume | AL85: =A85&B85&C85&AD85&AE85&AF85&O85&X85 -> FIAPEWEEK 018000284580,8756138132300024816701716003686SPMilk Run | AM85: =COUNTIF(PFEP!AW:AW,'Suppliers DB'!AL56) -> 0 | AN85: =COUNT(I85:N85) -> 1 | AO85: =COUNT(P85:U85) -> 1 | AP85: =IF(X85="",0,1) -> 1
A86: FIAPE | B86: WEEK 01 | C86: 800006454 | D86: METALSIDER-GUARULHOS-SP | E86: R Pedro De Toledo730galpao 2taboao | F86: Guarulhos | G86: SP | H86: Brasil | J86: =VLOOKUP(C86,'[10]Suppliers DB'!$A:$H,8,0) -> 20.64 | O86: SP | Q86: =VLOOKUP(C86,'[10]Suppliers DB'!$A:$O,15,0) -> 11184.03 | X86: Milk Run | Y86: FIAPE | Z86: Não | AD86: 0.6875 | AE86: 17635277003028 | AF86: 16701716003686 | AG86: Volume | AL86: =A86&B86&C86&AD86&AE86&AF86&O86&X86 -> FIAPEWEEK 018000064540,68751763527700302816701716003686SPMilk Run | AM86: =COUNTIF(PFEP!AW:AW,'Suppliers DB'!AL108) -> 4 | AN86: =COUNT(I86:N86) -> 1 | AO86: =COUNT(P86:U86) -> 1 | AP86: =IF(X86="",0,1) -> 1
A87: FIAPE | B87: WEEK 01 | C87: 800031340 | D87: STAMPTEC-Sao Paulo-SP | E87: R Costa Barros3263g 1 E 2vila Alpima | F87: Sao Paulo | G87: SP | H87: Brasil | J87: =VLOOKUP(C87,'[10]Suppliers DB'!$A:$H,8,0) -> 0 | O87: SP | Q87: =VLOOKUP(C87,'[10]Suppliers DB'!$A:$O,15,0) -> 0 | X87: Milk Run | Y87: FIAPE | Z87: Não | AD87: 0.625 | AE87: 96477666000104 | AF87: 16701716003686 | AG87: Volume | AL87: =A87&B87&C87&AD87&AE87&AF87&O87&X87 -> FIAPEWEEK 018000313400,6259647766600010416701716003686SPMilk Run | AM87: =COUNTIF(PFEP!AW:AW,'Suppliers DB'!AL87) -> 20 | AN87: =COUNT(I87:N87) -> 1 | AO87: =COUNT(P87:U87) -> 1 | AP87: =IF(X87="",0,1) -> 1
A88: FIAPE | B88: WEEK 01 | C88: 800004007 | D88: TE CONNECTIVITY-Braganca Paulista-SP | E88: R AMPERE304PENHA | F88: Braganca Paulista | G88: SP | H88: Brasil | J88: =VLOOKUP(C88,'[10]Suppliers DB'!$A:$H,8,0) -> 0 | O88: SP | Q88: =VLOOKUP(C88,'[10]Suppliers DB'!$A:$O,15,0) -> 0 | X88: Milk Run | Y88: FIAPE | Z88: Não | AD88: 0.375 | AE88: 907845001560 | AF88: 16701716003686 | AG88: Volume | AL88: =A88&B88&C88&AD88&AE88&AF88&O88&X88 -> FIAPEWEEK 018000040070,37590784500156016701716003686SPMilk Run | AM88: =COUNTIF(PFEP!AW:AW,'Suppliers DB'!AL88) -> 2 | AN88: =COUNT(I88:N88) -> 1 | AO88: =COUNT(P88:U88) -> 1 | AP88: =IF(X88="",0,1) -> 1
A89: FIAPE | B89: WEEK 01 | C89: 800012609 | D89: TECNOFIX-Cotia-SP | E89: Av. José Giorgi, 301 - Granja Viana II | F89: Cotia | G89: SP | H89: Brasil | J89: =VLOOKUP(C89,'[10]Suppliers DB'!$A:$H,8,0) -> 0 | O89: SP | Q89: =VLOOKUP(C89,'[10]Suppliers DB'!$A:$O,15,0) -> 0 | W89: Não recebe carreta | X89: Milk Run | Y89: FIAPE | Z89: Não | AD89: 0.58333333 | AE89: 7503057000152 | AF89: 16701716003686 | AG89: Volume | AL89: =A89&B89&C89&AD89&AE89&AF89&O89&X89 -> FIAPEWEEK 018000126090,583333333333333750305700015216701716003686SPMilk Run | AM89: =COUNTIF(PFEP!AW:AW,'Suppliers DB'!AL89) -> 4 | AN89: =COUNT(I89:N89) -> 1 | AO89: =COUNT(P89:U89) -> 1 | AP89: =IF(X89="",0,1) -> 1
A90: FIAPE | B90: WEEK 01 | C90: 800006654 | D90: TENNECO AUTOMOTIVE-COTIA-SP | E90: RDV RAPOSO TAVARES SN, KM 36.5 | F90: COTIA | G90: SP | H90: Brasil | J90: =VLOOKUP(C90,'[10]Suppliers DB'!$A:$H,8,0) -> 0 | O90: SP | Q90: =VLOOKUP(C90,'[10]Suppliers DB'!$A:$O,15,0) -> 0 | X90: Milk Run | Y90: FIAPE | Z90: Não | AD90: 0.625 | AE90: 44023471000271 | AF90: 16701716003686 | AG90: Volume | AL90: =A90&B90&C90&AD90&AE90&AF90&O90&X90 -> FIAPEWEEK 018000066540,6254402347100027116701716003686SPMilk Run | AM90: =COUNTIF(PFEP!AW:AW,'Suppliers DB'!AL90) -> 3 | AN90: =COUNT(I90:N90) -> 1 | AO90: =COUNT(P90:U90) -> 1 | AP90: =IF(X90="",0,1) -> 1
A91: FIAPE | B91: WEEK 01 | C91: 800005881 | D91: TI MARWAL-Sao Jose Dos Campos-SP | E91: Rua Ambrosio Molina1090blo. Deugenio De Melo | F91: Sao Jose Dos Campos | G91: SP | H91: Brasil | J91: =VLOOKUP(C91,'[10]Suppliers DB'!$A:$H,8,0) -> #N/A | O91: SP | Q91: =VLOOKUP(C91,'[10]Suppliers DB'!$A:$O,15,0) -> #N/A | X91: Milk Run | Y91: FIAPE | Z91: Não | AD91: 0.875 | AE91: 55981351002409 | AF91: 16701716003686 | AG91: Volume | AL91: =A91&B91&C91&AD91&AE91&AF91&O91&X91 -> FIAPEWEEK 018000058810,8755598135100240916701716003686SPMilk Run | AM91: =COUNTIF(PFEP!AW:AW,'Suppliers DB'!AL91) -> 4 | AN91: =COUNT(I91:N91) -> 0 | AO91: =COUNT(P91:U91) -> 0 | AP91: =IF(X91="",0,1) -> 1
A92: FIAPE | B92: WEEK 01 | C92: 800006474 | D92: TTB IND. E COM.-Diadema-SP | E92: Av Prestes Maia230vila Marina | F92: Diadema | G92: SP | H92: Brasil | J92: =VLOOKUP(C92,'[10]Suppliers DB'!$A:$H,8,0) -> 0 | O92: SP | Q92: =VLOOKUP(C92,'[10]Suppliers DB'!$A:$O,15,0) -> 0 | W92: Não recebe carreta | X92: Milk Run | Y92: FIAPE | Z92: Não | AD92: 0.66666667 | AE92: 59108837000100 | AF92: 16701716003686 | AG92: Peso | AL92: =A92&B92&C92&AD92&AE92&AF92&O92&X92 -> FIAPEWEEK 018000064740,6666666666666675910883700010016701716003686SPMilk Run | AM92: =COUNTIF(PFEP!AW:AW,'Suppliers DB'!AL92) -> 3 | AN92: =COUNT(I92:N92) -> 1 | AO92: =COUNT(P92:U92) -> 1 | AP92: =IF(X92="",0,1) -> 1
A93: FIAPE | B93: WEEK 01 | C93: 800040757 | D93: UFI FILTERS -JUNDIAI-SP | E93: AV PREFEITO LUIS LA 9450, galpao 15 | F93: Jundiai | G93: SP | H93: Brasil | J93: =VLOOKUP(C93,'[10]Suppliers DB'!$A:$H,8,0) -> 0 | O93: SP | Q93: =VLOOKUP(C93,'[10]Suppliers DB'!$A:$O,15,0) -> 0 | X93: Milk Run | Y93: FIAPE | Z93: Não | AD93: 0.375 | AE93: 24659918000105 | AF93: 16701716003686 | AG93: Volume | AL93: =A93&B93&C93&AD93&AE93&AF93&O93&X93 -> FIAPEWEEK 018000407570,3752465991800010516701716003686SPMilk Run | AM93: =COUNTIF(PFEP!AW:AW,'Suppliers DB'!AL93) -> 3 | AN93: =COUNT(I93:N93) -> 1 | AO93: =COUNT(P93:U93) -> 1 | AP93: =IF(X93="",0,1) -> 1
A94: FIAPE | B94: WEEK 01 | C94: 800003820 | D94: WEIDPLAS BRASIL-Piracicaba-SP | E94: Av Com. Leopoldo Dedini85unileste | F94: Piracicaba | G94: SP | H94: Brasil | J94: =VLOOKUP(C94,'[10]Suppliers DB'!$A:$H,8,0) -> 24.0948 | O94: SP | Q94: =VLOOKUP(C94,'[10]Suppliers DB'!$A:$O,15,0) -> 1799.7888 | X94: Milk Run | Y94: FIAPE | Z94: Não | AD94: 0.875 | AE94: 2414452000145 | AF94: 16701716003686 | AG94: Volume | AL94: =A94&B94&C94&AD94&AE94&AF94&O94&X94 -> FIAPEWEEK 018000038200,875241445200014516701716003686SPMilk Run | AM94: =COUNTIF(PFEP!AW:AW,'Suppliers DB'!AL98) -> 10 | AN94: =COUNT(I94:N94) -> 1 | AO94: =COUNT(P94:U94) -> 1 | AP94: =IF(X94="",0,1) -> 1
A95: FIAPE | B95: WEEK 01 | C95: 800006523 | D95: VALEO II-Campinas-SP | E95: RDV SANTOS DUMONT SN, KM64-QT300 | F95: Campinas | G95: SP | H95: Brasil | J95: =VLOOKUP(C95,'[10]Suppliers DB'!$A:$H,8,0) -> 0 | O95: SP | Q95: =VLOOKUP(C95,'[10]Suppliers DB'!$A:$O,15,0) -> 0 | X95: Milk Run | Y95: FIAPE | Z95: Não | AD95: 0.79166667 | AE95: 57010662001050 | AF95: 16701716003686 | AG95: Volume | AL95: =A95&B95&C95&AD95&AE95&AF95&O95&X95 -> FIAPEWEEK 018000065230,7916666666666675701066200105016701716003686SPMilk Run | AM95: =COUNTIF(PFEP!AW:AW,'Suppliers DB'!AL95) -> 3 | AN95: =COUNT(I95:N95) -> 1 | AO95: =COUNT(P95:U95) -> 1 | AP95: =IF(X95="",0,1) -> 1
A96: FIAPE | B96: WEEK 01 | C96: 800038221 | D96: VIBRACOUSTIC II-Taubate-SP | E96: AV ARCENIO RIEMMA 1415 | F96: Taubate | G96: SP | H96: Brasil | J96: =VLOOKUP(C96,'[10]Suppliers DB'!$A:$H,8,0) -> 0 | O96: SP | Q96: =VLOOKUP(C96,'[10]Suppliers DB'!$A:$O,15,0) -> 0 | X96: Milk Run | Y96: FIAPE | Z96: Não | AD96: 0.75 | AE96: 3249921000504 | AF96: 16701716003686 | AG96: Volume | AL96: =A96&B96&C96&AD96&AE96&AF96&O96&X96 -> FIAPEWEEK 018000382210,75324992100050416701716003686SPMilk Run | AM96: =COUNTIF(PFEP!AW:AW,'Suppliers DB'!AL96) -> 8 | AN96: =COUNT(I96:N96) -> 1 | AO96: =COUNT(P96:U96) -> 1 | AP96: =IF(X96="",0,1) -> 1
A97: FIAPE | B97: WEEK 01 | C97: 800041847 | D97: WAPMETAL-Itapevi-SP | E97: Rua Luiz Vieira 555 | F97: Itapevi | G97: SP | H97: Brasil | J97: =VLOOKUP(C97,'[10]Suppliers DB'!$A:$H,8,0) -> 0 | O97: SP | Q97: =VLOOKUP(C97,'[10]Suppliers DB'!$A:$O,15,0) -> 0 | X97: Milk Run | Y97: FIAPE | Z97: Não | AD97: 0.625 | AE97: 60601309000592 | AF97: 16701716003686 | AG97: Peso | AL97: =A97&B97&C97&AD97&AE97&AF97&O97&X97 -> FIAPEWEEK 018000418470,6256060130900059216701716003686SPMilk Run | AM97: =COUNTIF(PFEP!AW:AW,'Suppliers DB'!AL97) -> 1 | AN97: =COUNT(I97:N97) -> 1 | AO97: =COUNT(P97:U97) -> 1 | AP97: =IF(X97="",0,1) -> 1
A98: FIAPE | B98: WEEK 01 | C98: 800006198 | D98: MUBEA-Taubate-SP | E98: AV EURICO AMBROGI SANTOS 2400 | F98: Taubate | G98: SP | H98: Brasil | J98: =VLOOKUP(C98,'[10]Suppliers DB'!$A:$H,8,0) -> 24.879156 | O98: SP | Q98: =VLOOKUP(C98,'[10]Suppliers DB'!$A:$O,15,0) -> 6603.28 | X98: Milk Run | Y98: FIAPE | Z98: Não | AD98: 0.58333333 | AE98: 1776765000180 | AF98: 16701716003686 | AG98: Peso | AL98: =A98&B98&C98&AD98&AE98&AF98&O98&X98 -> FIAPEWEEK 018000061980,583333333333333177676500018016701716003686SPMilk Run | AM98: =COUNTIF(PFEP!AW:AW,'Suppliers DB'!AL73) -> 24 | AN98: =COUNT(I98:N98) -> 1 | AO98: =COUNT(P98:U98) -> 1 | AP98: =IF(X98="",0,1) -> 1
A99: FIAPE | B99: WEEK 01 | C99: 800005804a | D99: UMICORE-Americana-SP | E99: AVENIDA SAO JERONIMO5000SAO JERONIMO | F99: Americana | G99: SP | H99: Brasil | J99: =VLOOKUP(C99,'[10]Suppliers DB'!$A:$H,8,0) -> 0 | O99: SP | Q99: =VLOOKUP(C99,'[10]Suppliers DB'!$A:$O,15,0) -> 0 | X99: Milk Run | Y99: FIAPE | Z99: Não | AD99: 0.33333333 | AE99: 96206313000765 | AF99: 16701716003686 | AG99: Volume | AL99: =A99&B99&C99&AD99&AE99&AF99&O99&X99 -> FIAPEWEEK 01800005804a0,3333333333333339620631300076516701716003686SPMilk Run | AM99: =COUNTIF(PFEP!AW:AW,'Suppliers DB'!AL99) -> 12 | AN99: =COUNT(I99:N99) -> 1 | AO99: =COUNT(P99:U99) -> 1 | AP99: =IF(X99="",0,1) -> 1
A100: FIAPE | B100: WEEK 01 | C100: - | D100: ALUDYNE COMPONE-Guarulhos-SP | E100: R Pedro De Toledo730galpao 2taboao | F100: Guarulhos | G100: SP | H100: Brasil | J100: =VLOOKUP(C100,'[10]Suppliers DB'!$A:$H,8,0) -> #N/A | O100: SP | Q100: =VLOOKUP(C100,'[10]Suppliers DB'!$A:$O,15,0) -> #N/A | X100: Milk Run | Y100: FIAPE | Z100: Não | AD100: 0.70833333 | AE100: 2221397000177 | AF100: 16701716003686 | AG100: Volume | AL100: =A100&B100&C100&AD100&AE100&AF100&O100&X100 -> FIAPEWEEK 01-0,708333333333333222139700017716701716003686SPMilk Run | AM100: =COUNTIF(PFEP!AW:AW,'Suppliers DB'!AL100) -> 0 | AN100: =COUNT(I100:N100) -> 0 | AO100: =COUNT(P100:U100) -> 0 | AP100: =IF(X100="",0,1) -> 1
...

Sheet Planilha1
A2: Planta | B2: Supplier Code | C2: Janela FPT, Fiasa, CKD, MOPAR | D2: FPT CL | E2: FIAPE | F2: NOME FORNECEDOR
A3: FPT BETIM - FIRE | B3: 800002414 | C3: 0.66666667 | D3: 0.625 | F3: EATON LTDA
A4: FIASA | B4: 800009856 | C4: 0.91666667 | D4: 0.79166667 | E4: 0.79166667 | F4: ALPINO INDUSTRIA METALURGICA LTDA
A5: FPT BETIM - FIRE | B5: 800009856 | C5: 0.91666667 | D5: 0.79166667 | E5: 0.79166667 | F5: ALPINO INDUSTRIA METALURGICA LTDA
A6: CKD | B6: 800009856 | C6: 0.91666667 | D6: 0.79166667 | E6: 0.79166667 | F6: ALPINO INDUSTRIA METALURGICA LTDA
A7: FIASA | B7: 800028796 | C7: 0.58333333 | E7: 0.875 | F7: BENTELER COMPONENTES AUT LTDA
A8: MOPAR | B8: 800016859 | C8: 0.54166667 | D8: 0.29166667 | E8: 0.29166667 | F8: CONTINENTAL AUTOMOTIVE DO BRASIL LT
A9: FIASA | B9: 800033930 | C9: 0.8125 | D9: 0.70833333 | E9: 0.70833333 | F9: CONTINENTAL PARAFUSOS SA
A10: FPT BETIM - FIRE | B10: 800033930 | C10: 0.8125 | D10: 0.70833333 | E10: 0.70833333 | F10: CONTINENTAL PARAFUSOS SA
A11: MOPAR | B11: 800033930 | C11: 0.8125 | D11: 0.70833333 | E11: 0.70833333 | F11: CONTINENTAL PARAFUSOS SA
A12: FPT BETIM - MECANICA | B12: 800033930 | C12: 0.8125 | D12: 0.70833333 | E12: 0.70833333 | F12: CONTINENTAL PARAFUSOS SA
A13: FPT CL | B13: 800006198 | D13: 0.54166667 | E13: 0.58333333 | F13: MUBEA DO BRASIL LTDA
A14: FPT BETIM - FIRE | B14: 800028458 | C14: 0.875 | D14: 0.79166667 | F14: ITAESBRA INDUSTRIA MECANICA LTDA
A15: MOPAR | B15: 800028458 | C15: 0.875 | D15: 0.79166667 | F15: ITAESBRA INDUSTRIA MECANICA LTDA
A16: FIAPE | B16: 800006198 | D16: 0.54166667 | E16: 0.58333333 | F16: MUBEA DO BRASIL LTDA
A17: FPT BETIM - FIRE | B17: 800006198 | C17: 0.58333333 | D17: 0.54166667 | E17: 0.58333333 | F17: MUBEA DO BRASIL LTDA
A18: FIASA | B18: 800006198 | C18: 0.58333333 | D18: 0.54166667 | E18: 0.58333333 | F18: MUBEA DO BRASIL LTDA
